"id","V1","V2","V3","V4","V5","V6","V7","V8","V9","V10"
"1001004003617",2,4,4,2,1,1,4,4,1,1
"1001005029084",4,4,1,1,2,4,4,1,1,2
"1001005035721",2,1,4,3,2,2,2,4,4,2
"1001010039266",4,4,1,1,1,1,2,3,4,4
"1001013037900",2,1,1,4,4,3,1,1,2,3
"1001015004303",1,1,1,2,2,3,4,4,4,4
"1001016007403",1,4,4,2,1,1,4,4,2,1
"1001018042499",4,4,2,1,1,3,4,2,1,1
"1001019046111",2,4,4,3,1,2,4,4,1,1
"1001024003934",1,4,4,2,1,1,3,4,2,2
"1001024044596",1,1,2,2,3,4,3,4,4,3
"1001025036884",1,3,4,3,1,1,4,4,3,1
"1001026008810",4,2,1,3,4,4,2,1,3,3
"1001028033728",2,1,2,4,3,2,2,2,4,4
"1001028043035",4,4,1,1,2,4,4,1,1,3
"1001029046772",3,4,2,2,2,2,2,2,2,2
"1001029067141",1,3,4,3,1,1,3,4,2,1
"1001029069020",2,1,2,4,4,2,1,2,4,3
"1001031003899",2,2,2,2,2,2,3,4,2,2
"1001032080975",2,1,1,4,4,2,1,1,4,4
"1001045000885",3,1,1,3,4,3,1,1,3,4
"1001045018128",1,2,4,4,1,1,1,3,3,1
"1001045049004",3,1,1,3,4,3,1,1,3,4
"1001045053788",4,3,2,2,2,3,2,2,1,2
"1001045086407",2,2,2,2,2,2,2,2,3,4
"1001046006289",3,1,1,2,4,4,2,1,1,4
"1001048012382",2,1,2,4,4,2,1,1,4,4
"1001048073058",2,4,2,2,2,2,4,2,2,2
"1001049035558",2,1,1,3,4,2,1,1,3,4
"1001050034105",1,2,4,4,3,1,1,3,4,2
"1001051008435",1,3,4,2,1,1,4,4,3,1
"1001053053348",3,1,1,2,4,3,1,1,3,4
"1001055039112",1,2,4,3,1,1,2,4,4,1
"1001055055484",4,2,1,2,4,4,1,1,2,4
"1001057048178",4,4,1,1,1,3,4,2,1,2
"1001057056355",2,4,4,1,1,2,4,4,2,1
"1001061048366",4,2,2,2,2,4,2,2,1,2
"1001064033164",4,1,1,1,3,4,2,1,2,4
"1001066038680",1,1,2,3,4,4,4,4,2,1
"1001067044753",4,1,1,1,2,3,3,4,3,4
"1001070037352",2,4,3,1,1,2,4,4,2,1
"1001072017829",1,3,4,2,1,1,3,4,2,1
"1001073051842",4,3,2,2,3,4,3,1,1,2
"1001075022028",1,2,3,2,1,1,4,4,4,1
"1001075024536",2,4,3,1,1,2,4,3,2,1
"1001076011207",1,2,4,4,2,1,2,4,4,1
"1001080044637",4,1,1,1,1,2,3,4,4,4
"1001081046772",2,2,4,3,4,4,4,1,1,1
"1001082026106",4,3,1,1,2,4,3,2,1,3
"1001082034969",3,3,4,3,1,1,1,2,4,4
"1001082056291",3,1,1,3,4,2,1,1,2,4
"1001083017099",2,2,3,4,4,4,4,2,1,1
"1001086078829",4,4,4,3,1,1,1,1,2,3
"1001088007695",1,1,3,4,3,1,1,3,4,2
"1001088090236",4,4,2,2,2,2,2,2,2,2
"1001089026735",2,1,1,4,4,2,1,2,4,4
"1001091024110",4,2,2,2,3,4,2,1,2,4
"1001092070568",4,4,4,1,1,1,2,2,4,4
"1001092098318",2,4,3,1,1,2,4,4,1,1
"1001092125354",1,1,1,1,3,4,4,4,4,3
"1001110070250",3,4,4,1,1,1,1,4,3,1
"1001112040988",1,1,2,4,4,2,1,3,4,3
"1001112060622",1,2,3,4,4,4,4,1,1,1
"1001112062375",1,3,4,3,1,1,3,4,3,1
"1001112095375",4,2,1,1,4,4,2,1,1,3
"1001112097965",1,1,3,4,2,1,1,3,4,2
"1001114042635",2,1,1,3,4,2,1,1,3,4
"1001115035707",2,2,2,4,2,1,2,2,4,2
"1001115054337",1,2,4,4,2,1,1,4,3,1
"1001116013020",2,4,3,1,1,2,4,4,1,1
"1001116076392",4,2,1,1,4,4,2,1,1,3
"1001117004707",2,1,1,3,3,2,1,3,4,4
"1001117066057",2,2,2,3,4,2,2,2,3,2
"1001118068781",1,2,3,4,4,4,4,3,1,1
"1001119012388",3,4,3,1,1,2,4,3,1,1
"1001119053119",4,2,2,2,3,4,2,2,1,3
"1001121019355",1,2,3,4,4,4,4,1,1,1
"1001122010601",4,2,1,1,3,4,2,1,2,4
"1001122024868",4,3,1,1,2,4,3,1,2,3
"1001123026252",4,4,4,4,2,1,1,1,1,3
"1001124056185",4,2,1,1,4,4,2,1,1,3
"1001125027343",4,3,1,1,3,4,4,1,1,2
"1004003046279",4,3,1,1,3,4,3,1,1,2
"1004007001719",1,3,4,3,1,1,2,3,2,1
"1004007019211",2,4,3,2,1,2,4,4,2,2
"1004008005036",1,2,4,3,2,1,2,4,4,2
"1004008016277",4,4,4,3,1,1,2,1,2,3
"1004015050973",2,1,1,4,4,2,1,1,4,4
"1004018022341",4,4,3,1,1,2,4,2,1,2
"1004019030231",4,4,2,1,1,4,4,2,1,1
"1004021009278",1,2,4,3,2,1,2,4,4,1
"1004025024600",2,4,4,2,1,1,4,4,2,1
"1004026005884",4,4,2,1,2,4,3,1,1,2
"1004027061213",2,1,2,4,4,1,1,1,4,4
"1004028034325",3,4,3,2,1,2,4,4,1,1
"1004028063310",2,4,4,1,1,3,4,4,2,1
"1004029021042",1,1,2,4,4,1,1,2,4,4
"1004029034388",2,2,3,4,3,1,2,2,2,2
"1004029045988",2,4,3,2,2,2,3,2,1,2
"1004029051820",3,4,3,1,1,3,4,3,1,1
"1004031024264",1,2,4,4,2,1,2,4,4,1
"1004033086342",3,1,1,2,4,4,1,1,2,4
"1004045069021",4,4,1,1,2,4,3,1,1,2
"1004045079318",1,4,4,2,1,1,4,4,1,1
"1004046030491",4,4,3,1,1,3,4,3,1,2
"1004046034784",4,2,1,1,4,4,2,1,1,4
"1004046081533",1,1,3,4,3,1,1,4,4,2
"1004047057639",2,1,1,4,4,1,1,2,4,4
"1004048079131",1,2,4,4,2,1,2,3,4,3
"1004049002207",3,2,2,2,4,4,2,2,1,2
"1004049042601",3,1,1,3,4,2,1,1,3,4
"1004049048916",4,3,1,2,4,4,1,1,2,4
"1004051016949",3,2,1,3,4,4,2,1,1,4
"1004051030274",1,1,4,4,1,1,2,4,4,2
"1004052000745",2,1,2,3,3,2,2,3,4,4
"1004052025602",2,2,2,2,2,2,3,4,2,2
"1004053015097",4,1,1,2,4,4,1,1,2,4
"1004053043458",2,3,4,4,4,3,2,1,1,1
"1004054020542",3,1,1,3,4,3,1,1,2,4
"1004055041917",1,2,4,3,1,1,3,4,3,1
"1004056008961",1,2,4,4,3,1,1,3,3,2
"1004056038289",4,2,2,2,2,3,2,2,2,3
"1004057015984",1,2,4,3,1,1,4,4,3,1
"1004057042838",4,1,1,2,4,4,1,1,3,4
"1004058019259",1,1,4,3,1,1,2,4,4,2
"1004058038274",4,2,1,1,3,4,3,1,1,3
"1004064051816",4,4,1,1,2,4,4,1,1,2
"1004065031068",4,2,1,1,1,1,3,4,4,4
"1004068035005",4,2,1,1,4,4,2,1,1,3
"1004069058594",4,4,3,1,1,1,2,2,4,4
"1004070042134",4,3,1,1,2,4,3,1,1,2
"1004072007439",2,4,4,2,1,2,4,4,2,1
"1004072020435",4,4,2,1,1,2,2,2,3,4
"1004073020019",1,3,4,3,1,1,2,4,3,1
"1004076012094",1,2,4,4,1,1,2,4,3,1
"1004077064427",2,4,4,2,1,1,2,3,2,1
"1004078059974",3,2,2,2,3,4,2,2,2,2
"1004083037625",2,2,3,4,4,3,3,2,1,1
"1004084041849",1,1,1,1,2,4,4,4,4,2
"1004086053334",1,1,4,4,2,1,1,3,4,2
"1004088057779",2,1,1,1,2,4,4,4,4,2
"1004088103400",4,3,1,1,2,2,3,3,4,4
"1004090019141",3,3,4,4,4,2,1,1,1,2
"1004090124537",4,4,1,1,2,4,3,2,1,2
"1004091048084",3,4,2,1,2,4,4,2,1,1
"1004091100546",1,1,3,4,2,1,1,3,4,2
"1004110031997",4,4,2,1,1,4,4,2,1,1
"1004110114196",4,3,1,1,2,4,3,1,1,2
"1004111028661",2,1,2,1,1,3,4,4,4,2
"1004112061858",4,4,2,1,1,1,2,2,4,4
"1004112095306",3,4,4,1,1,1,4,2,1,2
"1004113015478",3,2,1,1,3,4,3,2,1,2
"1004113035765",2,2,3,4,2,2,2,4,3,2
"1004113042545",2,1,1,4,4,2,1,1,4,4
"1004113062197",4,4,4,2,1,1,1,2,3,3
"1004113069302",2,1,1,1,2,3,3,4,4,4
"1004113071932",2,4,2,3,3,3,3,1,2,2
"1004114015634",2,4,3,2,2,2,4,2,2,2
"1004115069102",4,2,2,1,2,4,2,2,1,2
"1004116059733",1,1,2,3,4,4,4,4,2,1
"1004117007504",1,1,2,2,3,4,4,3,3,2
"1004117007690",2,4,3,2,2,2,3,4,2,2
"1004118007502",3,1,1,3,4,3,1,1,3,4
"1004118030625",2,2,2,2,4,2,2,2,2,3
"1004119012585",2,1,4,2,2,2,2,2,4,4
"1004120011740",4,4,1,1,2,4,4,2,1,2
"1004120053199",4,2,1,2,4,3,2,1,2,4
"1004121003741",2,1,1,4,4,2,1,1,4,4
"1004125045416",2,2,1,1,1,2,4,4,3,4
"1007003018247",2,3,4,4,4,2,1,1,1,1
"1007004034307",4,4,4,2,1,1,1,2,3,4
"1007008024748",1,2,3,3,4,4,4,2,1,1
"1007011018386",1,3,4,3,2,2,3,4,3,1
"1007014001613",1,1,1,2,2,4,4,4,4,3
"1007015009599",2,4,3,1,1,2,3,2,1,1
"1007016041988",1,4,3,2,1,2,4,4,2,1
"1007019048935",2,2,4,2,2,1,2,4,2,2
"1007022005651",4,4,2,1,2,4,4,2,1,1
"1007025020050",4,2,2,2,2,4,2,2,1,2
"1007026026647",2,4,4,1,1,2,4,4,1,1
"1007027007704",2,4,4,2,1,1,4,4,2,1
"1007028079042",1,1,2,3,4,4,4,4,3,1
"1007029066658",4,2,1,2,4,3,1,1,2,4
"1007029073175",4,4,1,1,2,4,3,1,1,3
"1007032009790",1,2,4,4,1,1,2,4,4,2
"1007032036018",3,2,2,2,2,4,3,2,2,2
"1007032052125",4,2,1,1,3,4,2,1,1,2
"1007033064402",4,4,1,1,1,4,4,2,1,1
"1007033082872",1,1,2,1,3,4,4,4,2,2
"1007045081362",1,2,4,3,1,1,2,4,4,1
"1007046012122",3,1,2,2,3,1,1,1,4,4
"1007046019506",3,1,1,3,4,3,1,1,3,4
"1007048016842",2,4,4,1,1,2,4,4,2,1
"1007052007110",1,2,4,4,2,1,1,4,4,2
"1007054033257",1,1,4,4,1,1,2,4,4,2
"1007057012995",4,2,1,1,4,4,2,1,1,4
"1007060001939",4,4,1,1,2,4,4,1,1,2
"1007067023019",1,1,2,3,4,4,4,4,1,1
"1007068056441",4,1,1,2,3,4,3,1,3,3
"1007069007256",3,1,1,3,4,4,2,1,2,4
"1007070007278",1,1,3,3,2,1,2,4,4,1
"1007070022946",4,4,4,2,1,1,1,2,3,4
"1007071021717",3,2,1,2,4,3,1,1,2,4
"1007073056444",1,3,3,4,4,3,1,1,3,1
"1007076065572",2,4,4,1,1,2,4,4,3,1
"1007078025530",1,1,2,2,4,4,4,4,3,1
"1007079036682",4,4,2,1,1,4,4,1,1,2
"1007081048925",1,4,4,3,1,1,3,4,2,1
"1007082011169",1,1,1,2,3,3,4,3,4,3
"1007084006848",3,3,4,4,4,4,1,1,1,1
"1007084044206",4,3,1,1,3,4,3,1,1,3
"1007084059792",2,4,3,1,1,2,4,3,1,1
"1007084063517",2,3,4,2,1,1,3,4,2,1
"1007085027520",3,2,2,1,1,3,2,4,4,3
"1007085068668",2,4,4,3,1,1,2,3,2,1
"1007086016592",1,2,2,4,3,4,4,3,1,1
"1007086093370",4,4,4,4,1,1,1,2,3,3
"1007086097287",1,1,3,4,3,1,1,2,4,3
"1007089020082",1,1,1,2,4,4,4,4,2,1
"1007089113783",4,4,3,3,1,1,1,1,3,3
"1007090131427",4,4,1,1,1,2,2,3,4,4
"1007109009026",1,3,4,4,1,1,3,4,3,1
"1007109056935",4,2,1,2,4,4,1,1,3,3
"1007109078034",3,2,1,2,3,3,2,3,2,3
"1007109114277",4,2,1,1,3,3,1,1,2,4
"1007111003933",2,3,4,4,4,3,2,1,1,1
"1007111059233",1,1,1,2,3,4,4,4,3,2
"1007111060632",2,2,2,3,2,2,2,3,4,2
"1007113057223",3,1,1,2,4,4,2,1,2,4
"1007113078863",1,1,2,4,4,4,4,3,2,1
"1007114035898",4,2,1,1,3,3,2,1,2,4
"1007114060772",1,1,4,4,2,1,1,4,4,2
"1007116026426",4,4,2,1,1,1,2,3,4,4
"1007116034876",2,1,1,1,2,3,4,4,4,4
"1007118032812",4,3,1,1,3,4,3,1,1,2
"1007119061494",4,2,1,1,3,4,3,1,1,3
"1009005007512",3,4,2,1,1,3,4,2,1,1
"1009009045443",2,4,3,1,1,2,4,4,3,2
"1009010008002",3,1,1,1,1,1,3,4,4,4
"1009013010440",3,4,2,2,2,3,4,2,2,2
"1009013016512",1,3,4,2,1,1,4,4,2,1
"1009013021380",1,4,2,1,2,1,4,2,2,2
"1009018004632",2,4,4,2,1,1,3,4,3,1
"1009022031417",1,1,3,4,3,1,1,3,4,2
"1009022035262",4,2,1,2,4,4,2,1,2,4
"1009023028205",3,3,2,1,3,3,4,3,3,2
"1009023031376",2,4,4,1,1,2,4,4,1,1
"1009025014086",3,1,1,3,4,3,2,1,2,4
"1009025020243",4,4,1,1,2,4,3,2,1,2
"1009025042217",4,3,1,1,3,4,3,1,1,2
"1009025043704",1,4,4,1,1,2,4,4,2,1
"1009027011060",4,4,4,2,2,1,1,1,3,3
"1009027017719",1,1,2,4,3,1,1,3,4,3
"1009027053525",2,2,2,2,4,2,2,2,2,4
"1009028002869",4,4,2,1,1,2,4,1,2,2
"1009029031499",2,2,4,4,2,1,1,2,2,2
"1009029047263",2,2,4,4,2,2,2,2,2,2
"1009029060917",1,1,3,3,2,1,2,4,4,2
"1009029066966",3,4,4,4,3,2,1,1,1,2
"1009030040206",1,1,2,4,3,2,1,3,4,4
"1009030054496",1,1,1,3,4,4,4,3,3,1
"1009030078769",1,3,4,4,2,1,1,2,3,2
"1009032041750",2,4,3,1,1,2,4,4,1,1
"1009032051667",2,1,1,3,4,2,1,1,2,4
"1009032063022",1,3,4,2,1,1,3,4,2,1
"1009032076524",3,4,3,1,1,3,4,3,1,1
"1009032078500",4,3,1,1,3,4,3,1,1,3
"1009033074068",1,4,4,2,1,1,4,4,2,1
"1009034091958",1,2,4,3,1,1,3,4,3,1
"1009047007126",4,2,1,2,3,4,1,2,2,2
"1009047070916",4,2,1,1,4,3,1,1,3,4
"1009050050413",4,3,1,1,1,2,3,3,4,4
"1009054008971",1,3,4,3,1,1,3,4,3,1
"1009054013239",3,4,3,1,1,2,4,3,1,1
"1009054033165",4,1,1,2,4,4,2,1,3,4
"1009057043837",4,4,3,1,1,3,4,3,1,2
"1009061034398",2,4,3,1,1,2,4,4,2,1
"1009063038246",1,2,3,2,1,2,2,4,3,1
"1009066056164",3,1,1,1,2,2,4,4,4,4
"1009068038556",1,1,1,2,3,3,4,3,4,4
"1009070010382",4,4,4,2,1,1,2,2,3,4
"1009071030576",3,4,3,1,1,2,4,3,1,1
"1009071031463",3,1,1,4,4,3,1,1,4,4
"1009074021304",1,2,4,2,2,2,2,4,2,1
"1009075038387",4,4,1,1,2,4,4,1,1,2
"1009076018983",4,3,1,1,3,4,3,1,1,3
"1009079021352",4,4,1,1,3,4,4,1,1,2
"1009079054789",3,1,1,1,2,3,3,4,4,4
"1009080018496",1,1,1,1,1,3,4,4,4,4
"1009080018892",2,1,1,1,2,3,4,4,4,4
"1009080022809",1,2,3,4,4,4,3,1,1,1
"1009080049060",3,4,3,1,1,4,4,1,1,1
"1009080071999",4,4,2,1,2,4,4,1,1,2
"1009082003124",4,4,1,1,2,4,4,2,1,2
"1009083008341",1,1,2,4,4,2,1,2,4,4
"1009084074920",1,3,4,2,1,1,3,4,2,1
"1009087017436",3,4,4,4,4,2,1,1,2,3
"1009087075513",2,3,4,4,4,3,1,1,1,2
"1009087081190",4,3,1,2,3,4,3,1,1,2
"1009088026725",4,3,1,1,1,2,2,4,4,4
"1009088055071",4,4,4,3,3,1,1,1,2,2
"1009108009623",4,4,2,1,1,1,2,3,4,4
"1009108076942",1,1,4,4,2,1,2,4,4,1
"1009109077773",3,2,1,2,4,4,1,2,2,4
"1009109101875",3,4,3,1,2,3,4,2,1,1
"1009110055948",4,3,1,1,3,4,2,1,1,3
"1009110059575",2,3,2,2,1,2,4,4,2,1
"1009110109647",4,1,1,2,4,3,2,1,3,4
"1009112006784",4,4,1,1,2,3,2,1,1,3
"1009112047242",1,1,2,4,3,2,2,2,4,3
"1009112081114",1,2,4,4,1,1,2,3,2,2
"1009113037273",2,1,2,4,4,2,1,2,4,4
"1009113070810",1,3,4,4,1,1,2,4,3,1
"1009115005778",3,2,2,2,4,3,1,1,3,4
"1009116026100",3,1,1,2,4,4,1,1,2,4
"1009118027285",4,3,1,1,3,4,3,1,1,3
"1009119039559",1,4,4,3,1,1,3,4,2,1
"1009125005527",1,2,4,4,1,1,1,4,3,1
"1009126024399",4,1,1,1,4,4,1,1,2,4
"1012014037799",1,1,1,1,3,3,4,4,4,2
"1012015003062",4,4,1,1,1,1,2,3,4,4
"1012023045102",1,3,4,3,1,1,3,4,3,1
"1012024036908",2,3,4,2,1,2,3,4,2,1
"1012024038020",3,1,1,2,4,3,1,1,2,4
"1012024044364",3,4,3,1,2,3,4,2,1,1
"1012024046754",4,2,1,1,3,4,2,1,2,4
"1012027026013",2,1,2,3,4,2,1,2,4,4
"1012027030440",4,2,2,1,2,3,2,2,2,3
"1012029042684",2,1,1,3,4,2,1,1,3,4
"1012029048790",4,4,2,1,3,4,3,1,1,3
"1012030002948",4,2,1,2,4,4,2,1,1,4
"1012031013328",1,1,1,2,4,4,4,4,3,1
"1012032021104",2,1,1,4,3,1,1,2,4,4
"1012047012609",4,2,1,1,3,4,3,1,1,3
"1012049034034",1,2,4,4,2,1,2,4,4,1
"1012049034654",1,2,4,3,1,1,3,4,3,1
"1012051012964",2,4,4,1,1,2,4,3,1,1
"1012051018455",1,1,2,3,4,4,4,4,1,1
"1012051051636",4,4,1,1,3,4,3,1,1,2
"1012052028768",4,2,1,1,4,4,2,1,1,4
"1012053020408",2,4,4,1,1,2,4,3,1,1
"1012054025692",4,4,2,1,2,4,4,1,1,1
"1012056010723",1,2,2,4,2,2,2,2,4,2
"1012057036145",4,3,1,1,4,4,2,1,1,3
"1012057037766",1,1,4,4,2,1,2,4,4,2
"1012059014613",4,3,1,1,2,4,3,1,1,2
"1012061048609",1,2,4,4,1,1,2,4,4,2
"1012062027289",3,4,4,4,4,2,1,1,1,1
"1012065034874",3,1,1,3,4,3,1,1,2,4
"1012066023469",4,4,4,3,1,1,1,1,2,3
"1012074025350",1,2,3,3,4,4,4,3,2,1
"1012076042774",4,4,2,1,2,4,3,1,1,1
"1012076055830",3,4,3,1,1,3,4,3,1,1
"1012078014490",4,4,2,2,1,1,1,2,3,4
"1012078029542",4,2,1,1,4,4,2,1,2,4
"1012080004706",4,3,4,4,1,1,1,1,2,3
"1012082066260",1,1,1,2,2,4,4,4,4,2
"1012085049937",3,4,3,2,1,3,3,3,1,2
"1012085050148",1,1,2,3,4,4,4,3,1,1
"1012086002723",1,1,2,4,4,1,1,4,4,2
"1012086076725",1,1,2,4,4,1,1,2,4,4
"1012086091495",1,2,4,2,1,1,2,4,2,2
"1012107041835",4,3,2,1,1,1,2,3,4,4
"1012107045042",4,4,4,3,3,1,1,1,1,2
"1012107129552",1,4,4,2,1,1,4,4,2,1
"1012108025380",1,2,4,3,1,1,2,4,3,1
"1012108107307",1,1,4,4,3,1,1,3,4,2
"1012109053853",3,4,4,2,1,1,1,1,3,3
"1012109080774",1,4,4,2,1,1,3,4,3,1
"1012109097311",1,2,3,3,3,2,2,4,2,3
"1012110002126",1,2,4,4,2,1,2,3,3,1
"1012110003118",2,4,4,2,1,1,3,4,2,1
"1012110013448",4,3,1,1,2,4,3,1,1,2
"1012110042253",3,1,1,2,4,3,1,1,3,4
"1012110049955",3,2,1,3,4,2,2,1,3,4
"1012111003005",2,3,3,3,4,4,2,1,1,2
"1012111009860",1,1,4,4,2,1,2,4,4,1
"1012111065598",1,1,1,2,3,3,4,4,4,2
"1012114073078",4,1,1,2,4,4,1,1,2,4
"1012115052448",3,4,3,1,1,4,4,3,1,1
"1012116039485",4,4,1,1,2,4,4,1,1,2
"1012116056997",1,3,4,2,1,2,4,4,2,1
"1012117004967",4,1,1,2,4,4,1,1,2,4
"1015018049953",1,1,2,4,4,1,1,2,4,4
"1015023014490",1,1,2,4,3,1,1,3,4,3
"1015024038434",1,1,4,4,2,1,1,4,4,2
"1015025042890",2,1,2,4,4,1,1,2,4,3
"1015026011167",2,2,2,2,3,2,1,2,3,4
"1015026022331",4,4,2,1,2,4,3,1,1,2
"1015026040729",2,1,2,3,4,1,1,2,4,4
"1015027007542",2,1,1,3,4,2,1,1,3,4
"1015027031391",2,2,1,4,3,2,2,1,4,2
"1015028002871",3,2,2,1,3,4,4,1,1,2
"1015028020781",3,4,3,1,1,2,4,3,2,1
"1015029014031",2,2,2,2,4,2,2,2,2,3
"1015029034231",1,1,1,4,4,2,1,2,4,4
"1015030015556",1,1,3,4,2,1,2,4,4,3
"1015031046805",2,2,2,2,2,2,2,2,4,4
"1015048043921",4,1,1,2,4,4,2,1,1,4
"1015049011265",4,2,1,2,4,4,2,1,1,4
"1015052051823",2,2,2,3,1,1,3,4,3,2
"1015053065671",1,4,4,2,1,1,4,4,2,1
"1015054013156",3,1,1,1,2,3,4,4,4,4
"1015056052168",1,1,2,4,4,1,1,2,4,4
"1015057025101",4,1,1,2,4,4,2,1,1,4
"1015063044818",2,3,3,4,4,4,3,1,1,2
"1015064047953",1,3,4,3,1,1,2,4,4,1
"1015066035826",4,4,2,1,2,4,4,1,1,2
"1015067013872",4,4,2,1,1,4,4,2,1,1
"1015067033679",2,1,1,1,2,3,4,4,4,4
"1015068033271",1,1,4,4,2,1,1,4,4,2
"1015068041170",3,3,3,4,3,4,2,1,1,2
"1015068050881",1,1,2,3,4,4,4,3,2,1
"1015068058147",1,1,1,3,4,4,4,4,4,1
"1015069045136",1,2,4,3,1,1,2,3,2,1
"1015070019611",1,4,4,3,2,1,2,1,1,2
"1015072019311",4,4,2,1,3,4,3,1,1,3
"1015072040342",4,1,1,3,4,3,1,1,3,4
"1015077011216",4,4,2,1,2,4,4,1,1,2
"1015077018171",1,1,1,2,4,4,4,4,4,2
"1015079007888",3,1,1,1,1,2,3,4,4,4
"1015079071693",2,1,2,3,4,3,1,1,2,3
"1015080041906",4,3,2,1,2,4,4,1,1,2
"1015082097700",2,1,1,3,4,2,1,1,3,4
"1015083029515",1,2,2,4,4,1,2,2,3,1
"1015083050432",3,1,1,2,4,2,1,1,2,4
"1015083062576",3,4,3,1,1,2,4,3,1,1
"1015083103358",2,2,1,1,1,3,4,4,4,3
"1015084006192",4,4,1,1,1,1,3,3,4,4
"1015106053593",2,1,1,3,4,2,1,1,3,4
"1015106066799",3,1,2,1,4,2,2,1,2,4
"1015106073270",1,3,4,3,1,2,3,4,3,1
"1015107055673",1,2,3,4,4,4,4,2,1,1
"1015107070665",1,1,2,4,2,1,1,4,4,3
"1015108004660",2,4,3,1,1,2,4,3,1,1
"1015108041751",2,4,3,1,1,2,4,3,1,1
"1015108058853",4,4,2,1,1,4,4,2,1,1
"1015109076829",1,2,4,3,1,1,2,4,4,1
"1015110022788",3,1,1,3,4,3,1,1,3,4
"1015110055005",4,3,1,1,2,3,2,1,3,4
"1015115043672",2,3,3,2,3,2,3,3,2,2
"1015115056177",4,3,2,1,2,4,3,1,1,2
"1015119043610",4,1,1,3,4,3,1,1,2,4
"1018004027917",4,2,1,1,4,4,2,1,1,4
"1018008030458",3,1,1,3,4,3,1,1,3,4
"1018014040019",2,4,4,2,1,1,4,4,2,1
"1018017038895",4,4,4,4,1,1,1,1,2,3
"1018025057493",2,4,4,4,4,3,1,1,1,2
"1018027049477",1,1,2,4,2,2,2,3,4,3
"1018030006715",1,1,1,2,3,4,4,4,2,2
"1018030064016",1,1,1,4,4,2,2,3,4,4
"1018048076243",1,2,4,2,1,1,2,4,3,1
"1018049019401",1,1,2,3,4,4,4,4,2,1
"1018050026873",2,1,1,1,2,2,4,4,4,3
"1018059004190",1,1,3,4,4,4,4,2,1,1
"1018060038029",1,2,4,3,1,1,2,4,4,1
"1018061043090",4,4,1,1,4,4,3,1,1,4
"1018062006271",4,4,3,1,1,1,2,3,4,4
"1018062055070",1,3,4,4,4,4,4,1,1,1
"1018070046594",1,2,4,3,1,1,2,4,3,1
"1018075066464",3,1,1,4,4,3,1,1,4,4
"1018077050876",3,4,3,1,1,3,4,4,1,1
"1018079015112",4,3,1,1,1,1,2,3,4,4
"1018079016060",4,4,4,3,1,1,1,1,2,4
"1018080012608",3,4,4,4,4,2,1,1,1,1
"1018080085083",4,4,2,1,2,4,4,1,1,1
"1018081036999",4,2,1,2,3,2,1,1,3,4
"1018085109595",1,1,1,2,3,4,4,4,2,3
"1018105065932",4,1,1,1,2,2,3,4,4,4
"1018106009470",4,3,3,1,1,1,1,2,4,4
"1018107078313",1,2,4,4,2,1,3,4,3,1
"1018107084280",1,4,3,3,1,2,3,4,2,1
"1018110016233",1,3,4,3,1,1,2,4,2,1
"1018111014016",1,2,3,3,4,4,4,3,1,1
"1018115034972",4,2,1,1,4,4,2,1,1,3
"1018116024699",4,4,2,1,1,2,2,3,4,4
"1018118016156",1,3,4,3,1,1,3,4,3,1
"1018120014330",1,1,2,3,4,4,4,3,1,1
"1018123011186",3,1,1,1,2,2,4,4,4,4
"1101005034728",1,1,3,4,2,1,1,3,4,3
"1101007015699",1,1,3,4,3,1,2,4,4,2
"1101007023338",4,1,1,2,4,4,1,1,2,4
"1101009026168",3,2,1,1,1,2,4,4,4,2
"1101009033394",4,4,4,3,1,1,1,1,2,3
"1101010010030",1,3,4,3,1,1,4,4,2,1
"1101011015015",1,2,4,3,1,1,3,4,3,1
"1101012011905",2,1,1,2,4,2,1,1,3,4
"1101019042045",3,4,3,1,1,3,4,4,1,1
"1101021053226",4,4,4,2,1,1,2,2,2,3
"1101024005625",3,4,3,1,1,3,4,3,1,1
"1101024020394",4,4,3,1,2,4,4,1,1,2
"1101026028972",3,1,1,3,4,3,1,1,3,4
"1101026052118",1,2,4,4,1,1,2,4,4,2
"1101027075765",3,4,3,1,1,3,4,3,1,1
"1101028034123",1,1,3,4,3,1,1,3,4,3
"1101028090427",1,1,2,4,4,2,1,2,4,3
"1101029008219",4,1,1,2,4,4,1,1,2,4
"1101029030862",1,2,4,3,1,1,2,4,3,1
"1101029032089",4,4,2,1,2,4,3,1,1,2
"1101029038833",3,2,1,1,1,2,4,4,4,3
"1101030021009",4,4,4,4,4,1,1,1,1,2
"1101030038684",2,4,4,2,1,2,4,4,2,1
"1101030046085",1,1,3,4,4,2,1,2,4,4
"1101030086606",1,3,4,2,1,1,3,4,2,1
"1101030087273",2,2,2,4,3,1,1,2,4,3
"1101030089634",4,4,3,1,1,4,4,3,1,1
"1101030100961",3,3,3,1,2,2,2,3,4,3
"1101030102823",2,2,2,1,1,4,4,3,2,1
"1101031073135",2,1,1,4,4,2,1,2,4,4
"1101031093139",2,3,3,1,2,2,4,4,2,1
"1101032012424",1,1,2,4,4,2,1,2,3,4
"1101032049388",2,4,3,1,1,2,4,3,1,1
"1101045018054",3,1,1,3,4,2,1,1,3,4
"1101045061698",4,4,1,1,2,3,3,2,1,2
"1101045086026",1,3,4,4,1,1,3,4,3,1
"1101046017262",2,4,4,1,1,1,4,4,1,1
"1101046024564",4,2,2,2,4,4,2,1,2,4
"1101046053605",1,2,4,3,1,1,2,4,3,1
"1101046056410",4,2,2,2,2,4,2,2,2,2
"1101047027355",1,1,4,3,2,2,2,4,3,2
"1101048018027",1,4,4,1,1,2,4,4,2,1
"1101048036457",3,4,3,1,1,3,4,3,1,1
"1101049018788",2,1,2,4,3,2,1,2,4,4
"1101050018493",4,1,1,2,4,4,1,1,2,4
"1101050038346",3,2,2,1,2,4,4,2,2,2
"1101050044325",2,3,3,4,4,2,1,1,2,2
"1101051057468",4,2,1,2,3,3,2,1,2,4
"1101052054089",2,1,1,1,1,3,4,4,4,4
"1101053018687",2,4,4,2,1,1,4,4,2,1
"1101054019829",1,4,4,1,1,2,4,4,2,1
"1101056014409",1,1,1,3,4,4,4,3,1,1
"1101056055290",3,3,4,4,4,3,1,1,1,2
"1101057025439",2,1,1,1,1,3,4,4,4,4
"1101058013417",3,4,4,4,3,2,1,1,1,1
"1101058024169",3,1,1,4,4,1,1,2,4,4
"1101059024155",3,1,1,2,4,3,1,1,3,4
"1101059025641",4,4,4,3,1,1,1,2,3,4
"1101064005948",2,1,1,4,4,2,1,2,4,4
"1101072056159",1,1,2,4,4,1,1,2,4,4
"1101075005829",3,3,4,4,4,2,1,1,1,1
"1101075014150",2,3,2,2,2,3,4,1,2,2
"1101076022222",3,4,3,4,2,1,1,2,2,3
"1101076058217",4,4,1,1,2,4,4,1,1,2
"1101077009202",1,3,4,3,1,1,2,4,3,1
"1101077010636",4,3,4,1,1,1,2,2,3,3
"1101080034146",3,4,3,4,1,1,1,2,3,3
"1101080064767",1,1,3,4,2,1,2,3,4,2
"1101081013825",3,4,2,1,1,3,4,2,1,1
"1101082000375",4,4,2,1,2,1,2,3,3,4
"1101082008015",2,3,3,4,4,3,2,1,1,2
"1101082058668",1,2,3,4,4,4,3,1,1,1
"1101082061267",2,3,2,3,2,2,3,3,2,3
"1101084034915",2,1,1,3,4,4,1,1,2,4
"1101086024954",1,1,1,1,2,3,4,4,4,4
"1101087096656",1,1,2,4,4,4,4,4,1,1
"1101088015735",1,2,3,2,1,1,3,4,2,1
"1101088045315",4,4,2,1,2,4,4,2,1,1
"1101089005717",4,4,2,2,2,3,3,1,1,2
"1101089020344",4,4,2,1,1,1,2,2,3,4
"1101089066638",1,2,3,4,4,4,4,1,1,1
"1101091011138",4,4,3,1,1,2,4,2,1,1
"1101092121726",4,1,1,3,4,4,1,1,3,4
"1101092124236",3,4,4,4,4,2,2,1,1,2
"1101112090239",1,4,4,2,1,1,4,4,2,1
"1101113075228",2,1,2,3,3,2,2,2,4,4
"1101114011418",4,3,2,1,1,1,2,2,4,4
"1101115017705",2,4,2,2,2,2,3,2,2,2
"1101115029078",4,4,4,1,1,1,1,2,3,4
"1101115031633",4,3,2,2,2,4,2,2,1,2
"1101115037158",4,4,2,1,1,3,3,2,1,2
"1101115040079",1,1,2,4,4,4,4,3,1,1
"1101115054667",4,3,1,1,3,4,2,1,1,3
"1101115091191",3,1,1,3,4,3,1,1,3,4
"1101116039270",1,2,3,2,2,2,2,4,4,2
"1101116067918",3,1,1,3,4,3,1,1,2,4
"1101117029851",2,2,2,2,4,2,2,2,2,4
"1101117061629",3,1,1,2,4,4,1,1,2,4
"1101119036518",2,4,3,1,1,3,4,3,1,1
"1101119038188",2,3,4,3,4,4,2,1,1,1
"1101120042946",1,1,3,4,2,1,1,4,4,2
"1101120058376",2,1,1,3,4,4,2,1,2,3
"1101121039499",4,3,1,2,4,4,1,1,1,4
"1101122039836",4,4,4,3,1,1,1,1,2,3
"1101122049734",1,3,4,3,1,1,3,4,3,1
"1101125054174",4,4,1,1,1,2,2,2,4,4
"1101128014943",4,2,1,1,3,4,2,1,1,4
"1104002019145",3,4,3,1,1,3,4,3,1,1
"1104004003344",1,1,3,4,4,2,1,3,4,3
"1104005018114",1,2,3,2,1,2,2,4,2,2
"1104011005579",2,2,4,2,2,2,2,4,2,1
"1104015036571",4,1,1,1,2,3,3,4,4,4
"1104022010945",4,2,1,2,3,4,2,1,1,2
"1104023006711",3,4,3,1,1,2,4,3,1,1
"1104025036772",3,1,1,4,4,3,1,1,3,4
"1104025040238",4,4,1,1,2,4,4,1,1,2
"1104025047529",4,2,1,2,4,4,1,1,2,4
"1104026018894",2,1,2,4,2,2,2,2,4,2
"1104026061280",2,1,2,2,4,2,2,1,2,4
"1104027006693",3,4,3,1,1,3,4,3,1,1
"1104027007011",1,1,2,4,4,2,1,2,4,3
"1104027019468",1,2,4,4,1,1,2,4,4,2
"1104027058337",4,2,1,2,4,3,1,1,3,4
"1104027058836",4,3,1,1,2,4,3,1,1,3
"1104027084547",4,4,2,1,2,3,3,2,1,3
"1104028006704",1,2,4,4,2,1,2,4,3,1
"1104028010032",4,2,1,1,4,4,2,1,1,4
"1104028021246",3,4,2,2,2,3,4,2,1,1
"1104028034580",4,2,1,1,4,4,2,1,1,4
"1104029002036",2,3,4,2,1,1,4,4,2,1
"1104029057479",2,2,2,2,4,2,2,2,2,4
"1104030004948",3,3,4,3,2,2,1,1,2,3
"1104030014074",3,1,1,3,4,4,1,1,2,4
"1104030027822",1,2,4,3,1,1,3,4,3,1
"1104030070849",1,4,4,2,1,2,4,4,2,1
"1104031095564",1,1,4,4,1,1,1,4,4,2
"1104032012180",1,1,3,4,2,1,1,3,4,2
"1104032080068",2,2,4,3,2,1,2,3,2,2
"1104043084884",2,1,1,3,4,1,1,2,4,4
"1104044018480",1,2,3,3,2,1,4,4,3,1
"1104044041459",1,3,4,2,1,1,3,4,3,1
"1104044088784",2,4,4,2,1,1,4,4,2,1
"1104045040560",2,2,2,3,3,2,2,3,3,3
"1104046074937",1,1,1,2,4,4,4,3,2,2
"1104047036278",1,2,3,2,1,2,3,4,3,2
"1104049006221",2,1,1,4,4,2,1,2,4,4
"1104049021692",1,1,4,4,2,2,2,4,4,1
"1104050061091",2,2,3,2,1,1,2,4,4,2
"1104051041564",1,2,3,4,4,4,3,2,1,1
"1104053026886",1,1,3,4,2,1,1,3,4,2
"1104054002200",1,3,4,4,4,4,2,1,1,1
"1104054037321",1,2,4,4,1,1,1,4,4,1
"1104055045491",2,4,2,2,2,2,4,2,2,2
"1104057013286",2,2,3,4,4,4,3,1,1,1
"1104058050978",4,4,4,4,3,1,1,1,1,2
"1104059031881",2,1,2,4,3,2,1,2,4,4
"1104059043030",4,3,1,1,1,1,2,3,4,4
"1104070008397",2,2,1,1,1,3,3,4,4,4
"1104070011768",2,1,1,1,1,2,4,4,4,3
"1104072007623",2,2,2,2,4,2,2,2,2,4
"1104072015771",1,3,4,2,1,1,3,4,3,1
"1104075053491",1,3,3,4,4,4,4,1,1,1
"1104080070796",1,2,3,4,4,4,4,2,1,1
"1104082006625",4,4,4,3,1,1,1,2,2,2
"1104082031373",4,2,1,1,4,4,1,1,2,4
"1104082064210",1,3,4,3,1,1,3,4,2,1
"1104083024134",4,4,1,1,1,4,3,1,1,3
"1104083033183",4,4,3,2,1,1,1,2,3,4
"1104083035861",2,2,2,2,4,2,3,2,2,4
"1104083044608",4,4,1,1,1,4,4,2,1,2
"1104084061442",2,4,3,1,1,3,4,4,1,1
"1104085034122",1,3,4,3,1,1,3,4,2,1
"1104086041783",3,1,1,3,4,3,1,1,3,4
"1104087057211",3,4,2,1,1,3,4,2,1,2
"1104087071584",2,3,4,2,1,1,3,4,2,1
"1104089045232",2,2,4,3,1,1,2,3,2,2
"1104089065483",3,1,1,1,1,2,3,4,4,4
"1104089077357",1,3,4,3,1,1,3,4,2,1
"1104089097150",2,2,2,3,2,2,2,4,4,2
"1104090010166",1,2,4,3,1,1,2,3,2,2
"1104090021376",4,2,1,2,4,4,2,1,1,4
"1104090091662",2,1,1,3,4,2,1,1,4,4
"1104091013355",1,2,3,2,1,1,3,4,4,1
"1104091068127",4,4,2,1,1,4,4,2,1,1
"1104091076628",1,2,2,3,4,4,3,3,2,1
"1104091112250",1,3,4,2,1,1,4,4,2,1
"1104092090720",2,4,4,2,2,2,2,2,2,2
"1104112015877",3,3,2,1,1,4,4,2,1,1
"1104112045592",4,2,1,1,3,4,3,1,1,3
"1104112079137",4,3,1,1,4,4,2,1,1,3
"1104114031322",1,4,4,2,1,1,4,4,2,1
"1104114044847",4,3,2,1,2,4,4,2,1,3
"1104114047848",3,4,2,1,1,3,4,2,1,1
"1104114058676",2,4,4,3,1,1,2,3,2,1
"1104114060724",1,1,3,3,4,4,3,4,3,1
"1104114078732",2,4,2,2,1,2,4,2,1,2
"1104114083203",2,1,1,2,3,2,2,2,4,4
"1104115001003",1,2,4,3,1,1,2,4,4,1
"1104115032272",2,1,1,4,4,2,1,1,4,4
"1104115088513",2,4,4,2,1,2,4,4,2,1
"1104116008919",4,3,1,1,3,4,3,1,1,3
"1104117031480",2,1,1,4,4,2,1,1,3,4
"1104117066040",4,2,1,1,1,2,2,4,4,4
"1104119016678",4,2,1,2,4,4,2,1,2,4
"1104119052503",4,1,1,2,4,4,1,1,2,4
"1104120012862",3,4,4,1,1,3,4,3,1,1
"1104121045794",1,3,4,4,1,1,2,4,4,1
"1104123013997",4,2,1,2,3,4,2,1,1,3
"1104124038745",1,3,4,2,1,1,4,4,2,1
"1107003054724",2,2,4,2,4,3,1,4,1,2
"1107010000859",4,1,2,2,3,4,3,2,1,3
"1107010005800",1,1,3,4,3,1,1,3,4,3
"1107010050001",2,1,1,1,2,3,4,4,4,4
"1107013019895",1,2,4,4,2,1,1,4,4,1
"1107015049153",2,1,1,4,4,2,1,1,4,4
"1107016051804",1,3,4,2,1,1,3,4,2,1
"1107019002554",1,4,4,2,2,1,4,4,2,1
"1107021004376",1,1,4,4,2,1,1,4,4,2
"1107022049554",1,1,1,2,4,4,4,2,2,1
"1107023010682",1,3,4,4,4,3,3,1,1,1
"1107024034519",2,4,4,2,1,2,4,4,2,1
"1107024065370",3,4,4,4,2,2,1,1,2,1
"1107025029838",3,4,3,1,1,3,4,3,1,1
"1107025041322",4,3,2,1,1,1,2,4,4,4
"1107026019743",4,4,4,3,2,1,1,1,1,2
"1107026054400",2,2,3,4,2,2,1,2,2,2
"1107027035622",4,2,1,2,4,3,2,1,2,4
"1107027045513",3,1,1,2,4,4,1,1,2,4
"1107027053269",2,1,2,3,2,1,1,3,4,4
"1107029058353",4,4,4,3,1,1,1,1,3,3
"1107031059232",1,3,3,4,4,1,1,2,4,2
"1107043061856",1,1,2,4,3,1,1,2,4,3
"1107044005231",2,2,4,2,2,2,2,4,2,2
"1107045002467",3,4,3,1,1,2,4,3,1,1
"1107046067515",4,3,1,1,3,4,2,1,1,3
"1107047032179",2,1,1,1,1,3,4,4,4,4
"1107048002104",1,2,4,3,1,1,3,4,4,1
"1107048021074",4,3,1,1,3,4,3,1,1,3
"1107049040487",1,1,2,4,4,1,1,2,4,4
"1107050054781",1,1,2,4,3,2,1,2,4,4
"1107062023967",2,2,2,2,2,4,4,4,2,1
"1107065042058",1,1,1,1,2,3,4,4,4,3
"1107067010911",2,2,4,2,2,2,2,4,3,2
"1107067033810",1,1,2,3,4,4,4,3,1,1
"1107068046725",1,2,3,4,4,4,3,1,1,1
"1107069009767",1,1,2,4,4,2,1,2,4,4
"1107070034331",4,4,4,1,1,2,3,3,2,1
"1107071045508",3,3,4,4,3,1,1,1,1,3
"1107075011307",3,1,1,2,4,4,2,1,2,4
"1107079042257",2,2,3,3,3,4,4,1,1,1
"1107083009691",2,4,4,1,1,2,4,4,2,1
"1107084040858",4,2,1,1,3,4,2,1,1,4
"1107085053291",4,4,2,1,2,4,4,2,1,1
"1107085061340",4,2,1,1,4,4,2,1,1,4
"1107086023647",2,4,3,2,2,2,4,2,2,2
"1107086081294",3,4,2,1,1,4,4,2,1,1
"1107087089063",1,2,4,3,1,1,2,4,3,1
"1107088043423",3,4,3,1,1,3,4,3,1,1
"1107088067893",4,4,3,1,1,1,1,3,4,4
"1107088097637",2,2,1,2,4,3,2,2,3,4
"1107089067794",2,4,3,1,1,2,4,3,2,1
"1107090019111",3,4,2,1,2,3,4,2,1,2
"1107090058023",2,4,4,1,1,2,4,4,1,1
"1107090086358",3,4,1,1,2,4,4,3,1,1
"1107092007757",4,4,1,1,1,2,2,4,4,4
"1107093045417",2,3,4,4,4,4,4,1,1,1
"1107111074516",4,4,1,1,2,4,4,1,1,2
"1107112064686",2,1,1,3,4,2,1,1,3,4
"1107112070427",2,2,2,2,4,4,2,1,2,2
"1107113081553",2,2,2,1,4,4,2,2,2,2
"1107113096658",4,2,2,3,2,4,2,2,3,1
"1107114048132",4,4,2,1,2,4,4,1,1,1
"1107114055840",1,3,4,2,1,1,3,4,3,1
"1107117037056",4,3,1,1,1,1,2,3,4,4
"1107117040622",3,1,1,1,1,2,4,4,4,4
"1107118014570",4,4,2,2,2,2,2,1,2,2
"1107119012557",3,2,1,2,4,4,1,1,3,4
"1107120009094",3,4,3,1,1,3,4,3,1,1
"1107126005261",2,4,3,1,1,3,4,2,1,1
"1107127016890",2,1,1,1,1,3,4,4,4,4
"1109005029198",3,3,3,2,2,4,4,2,1,1
"1109007038422",1,1,2,3,4,4,4,3,2,1
"1109007042384",4,3,1,1,2,4,3,2,1,2
"1109007051865",4,4,4,2,1,1,1,2,3,4
"1109008050844",1,1,3,4,2,2,2,2,4,2
"1109011048575",3,4,3,1,1,1,2,3,4,4
"1109013032425",1,2,4,4,1,1,2,4,4,2
"1109013039246",4,3,1,1,3,4,2,1,1,3
"1109015005367",4,2,1,2,4,4,2,1,1,3
"1109015035614",4,3,1,1,3,4,2,1,2,4
"1109020001589",1,1,2,3,3,3,4,4,3,1
"1109020018576",2,4,4,2,1,2,4,4,2,1
"1109022001141",1,1,3,4,2,1,2,4,4,2
"1109022022229",2,1,1,3,4,3,1,1,3,4
"1109024017661",1,3,4,2,1,1,4,4,2,1
"1109025014428",4,2,1,1,4,4,1,1,2,4
"1109025015579",1,2,4,4,2,1,2,4,4,2
"1109025038225",4,4,4,3,2,1,1,1,2,3
"1109025053826",4,2,1,1,4,4,3,1,1,3
"1109025054648",1,4,4,2,1,1,3,4,2,1
"1109026047527",2,4,3,4,3,3,2,1,1,2
"1109026073185",1,2,3,2,1,1,3,4,3,2
"1109027048937",4,2,1,1,3,4,2,1,1,3
"1109027055563",2,1,1,2,4,3,1,1,3,4
"1109027071127",2,1,2,4,4,2,1,2,4,4
"1109027075389",4,4,2,1,1,3,4,3,1,1
"1109027081518",3,4,2,1,2,4,4,2,1,1
"1109028036070",1,2,3,4,2,1,2,3,4,3
"1109028062312",1,1,4,4,2,1,1,3,4,2
"1109028062525",2,2,2,2,4,3,2,2,1,3
"1109028089882",2,2,2,2,4,4,2,2,2,2
"1109029039607",4,4,1,1,2,4,4,1,1,2
"1109029047420",4,1,1,3,4,3,3,2,2,3
"1109029058519",1,2,4,2,1,1,2,4,3,1
"1109029071205",2,1,2,4,4,2,1,2,4,3
"1109029090403",3,4,3,1,1,3,4,3,1,1
"1109044006092",1,1,4,4,2,1,1,3,4,2
"1109045051657",2,3,2,2,2,4,4,2,1,1
"1109046016251",2,4,4,2,1,2,4,4,1,1
"1109048020573",2,4,4,2,1,1,4,4,2,1
"1109048033479",1,2,4,4,1,1,2,4,4,1
"1109051049599",1,2,4,3,1,1,2,4,4,2
"1109053004827",4,4,4,2,1,1,1,2,3,4
"1109053050748",3,1,1,3,3,2,3,2,3,3
"1109054043432",2,1,2,4,3,1,1,2,4,4
"1109055022417",1,2,4,4,2,1,2,4,4,1
"1109056005281",1,3,4,2,1,1,3,4,4,1
"1109060020783",2,4,2,2,2,2,4,2,2,2
"1109061045270",1,1,1,2,4,4,4,4,2,1
"1109066003963",1,1,2,4,4,1,1,2,4,3
"1109067012802",1,2,3,4,3,1,1,3,4,3
"1109070043749",2,4,4,4,4,2,1,1,1,2
"1109071034877",2,1,2,1,1,3,4,4,4,4
"1109073055215",2,2,4,4,1,2,2,3,3,2
"1109083005687",1,2,4,4,1,1,3,4,2,1
"1109083010252",4,2,2,1,3,4,2,1,2,4
"1109084040902",2,4,2,2,2,2,2,2,2,2
"1109085013305",1,1,3,4,2,1,1,3,4,2
"1109085026589",4,3,1,1,2,4,4,1,1,2
"1109085033452",2,2,4,2,3,2,2,4,2,2
"1109085040603",4,3,1,1,3,4,3,1,1,4
"1109085055868",3,4,3,4,4,2,1,1,1,2
"1109085057028",2,1,2,4,4,1,1,2,3,3
"1109086041280",2,1,2,4,3,1,1,2,4,4
"1109086045884",4,4,2,1,1,4,4,2,1,2
"1109086079213",4,4,4,2,1,1,1,2,3,4
"1109086079902",1,1,2,4,2,2,2,2,4,2
"1109087017796",3,1,1,3,4,3,1,1,3,4
"1109088002710",2,3,1,2,3,4,4,1,1,2
"1109088030058",2,1,2,4,3,1,1,2,4,4
"1109088070608",3,3,2,1,1,2,3,3,4,4
"1109088089965",4,4,1,1,2,2,3,3,3,4
"1109089014605",1,1,3,4,2,1,2,4,4,2
"1109089033915",3,3,2,1,2,4,4,2,1,1
"1109089041080",3,4,3,1,1,1,4,4,2,1
"1109089056134",1,1,2,4,4,2,1,2,4,3
"1109089061013",3,4,2,2,1,3,4,2,1,3
"1109091113372",4,1,1,3,4,3,1,1,3,4
"1109092042508",1,1,3,4,3,1,1,2,4,3
"1109092045502",4,4,4,4,1,1,1,2,2,2
"1109092047982",4,2,1,2,4,4,2,1,1,4
"1109092076828",3,4,3,1,1,2,4,2,1,2
"1109112034195",1,4,4,1,1,2,4,4,2,1
"1109112116890",4,4,2,1,2,4,4,2,1,1
"1109113025652",4,2,1,1,2,3,2,1,2,4
"1109114034046",1,4,4,2,1,2,4,4,2,1
"1109114082482",2,4,4,1,1,2,4,4,2,1
"1109116046192",1,2,4,4,2,1,2,4,4,1
"1109116058392",4,1,1,2,4,4,2,1,2,4
"1109116080809",1,2,4,2,1,2,2,4,2,2
"1109116086026",1,1,1,4,4,1,1,2,4,4
"1109117022417",4,2,2,1,2,4,2,2,2,2
"1109118012129",4,4,2,1,2,4,4,2,1,2
"1109120027071",2,1,2,4,4,2,1,1,4,4
"1109121010291",2,1,2,4,4,1,1,2,4,3
"1109121016478",4,3,1,1,3,4,3,1,1,3
"1109124025792",3,1,1,2,4,3,1,1,3,4
"1109124028934",1,4,4,2,1,2,4,4,2,1
"1112003010385",1,1,4,4,2,1,1,3,4,2
"1112005024912",1,2,4,3,1,1,3,4,3,1
"1112014030140",2,1,1,3,4,2,2,2,3,4
"1112020025968",4,3,1,1,3,4,3,1,1,4
"1112021017466",4,4,2,1,1,4,4,2,1,1
"1112022038337",3,2,1,1,2,4,4,2,1,2
"1112027032294",2,2,2,3,4,2,2,2,3,4
"1112027035314",1,1,4,4,3,2,1,3,3,2
"1112027064247",2,1,2,3,3,2,1,2,4,3
"1112028028085",4,2,1,1,4,4,2,1,1,4
"1112029095980",2,2,2,3,2,2,2,4,2,2
"1112043008893",2,1,2,4,4,2,1,1,4,4
"1112043029044",4,1,1,2,4,4,1,1,2,4
"1112043065297",1,2,2,4,2,2,2,2,4,2
"1112043066793",4,2,1,1,3,4,3,1,1,3
"1112044039496",1,2,3,4,4,4,3,1,1,1
"1112044047830",3,4,2,2,1,3,4,2,2,2
"1112044048144",2,2,2,4,2,2,2,2,4,2
"1112044068268",4,4,2,1,2,4,4,1,1,2
"1112045066371",2,2,4,1,2,2,2,4,2,2
"1112046036805",2,2,4,2,2,2,2,4,2,2
"1112047016114",4,4,1,1,2,4,4,1,1,2
"1112047026793",2,4,4,4,2,1,1,3,2,1
"1112050038003",3,4,4,4,2,1,1,1,1,3
"1112051001067",2,3,2,4,4,4,2,1,1,2
"1112052019112",1,1,1,1,2,4,4,4,4,2
"1112056036019",1,2,4,3,1,1,2,4,3,1
"1112063016152",1,2,2,3,2,3,4,3,4,1
"1112066033543",2,4,4,2,1,2,4,4,1,1
"1112067021583",1,1,3,3,4,4,4,2,2,1
"1112068037999",4,2,1,2,3,4,2,1,3,4
"1112069050065",2,1,1,2,4,4,1,1,3,4
"1112071044367",3,3,4,4,4,3,1,1,2,2
"1112071050075",1,3,3,4,4,3,2,1,3,1
"1112072030767",4,4,4,2,1,1,1,1,3,4
"1112073005922",3,1,1,2,4,3,1,2,4,4
"1112079005103",1,1,2,3,4,4,3,3,2,3
"1112081043719",1,1,2,4,3,1,1,2,4,3
"1112082058587",1,2,2,4,3,2,1,2,4,3
"1112082061284",1,1,2,4,3,1,1,2,4,3
"1112086056552",3,4,3,1,1,3,4,2,1,1
"1112086057300",3,2,4,4,2,3,1,1,1,3
"1112087039209",3,4,2,1,2,3,4,2,2,3
"1112087075461",3,4,4,2,1,1,1,3,4,3
"1112087085994",4,3,1,1,2,4,4,1,1,2
"1112088074460",1,1,4,4,1,1,2,4,4,1
"1112089039762",4,4,3,2,2,1,2,2,2,2
"1112089101050",3,1,1,2,4,3,1,1,2,4
"1112090101606",4,4,2,1,1,1,2,3,4,4
"1112091089939",4,4,2,1,1,4,4,2,1,1
"1112092051121",1,2,4,4,2,1,2,4,3,1
"1112092072666",1,1,1,1,2,3,4,4,4,4
"1112111026354",3,1,1,2,4,4,2,1,1,3
"1112111081085",1,1,1,3,4,3,1,1,3,4
"1112112062469",2,1,1,4,4,3,1,1,3,3
"1112112071490",2,1,1,3,4,1,1,1,4,4
"1112112077152",3,3,3,1,2,1,1,2,3,4
"1112113057248",1,1,1,4,4,3,1,2,4,4
"1112113077062",4,2,1,1,3,4,2,1,1,2
"1112115032589",3,1,1,3,4,3,1,1,4,4
"1112115087696",1,1,3,4,3,1,1,3,4,3
"1112116024362",2,4,3,1,1,3,4,3,1,1
"1112116057371",1,3,1,2,3,4,2,4,4,1
"1112116080210",2,1,2,4,4,3,1,2,3,4
"1112118003186",2,3,4,3,4,3,1,2,2,1
"1112118072427",2,1,2,4,3,1,1,2,4,3
"1112120024425",1,1,2,4,4,2,1,2,4,4
"1112120033215",4,4,1,1,1,1,2,3,4,4
"1112120057323",4,4,4,3,1,1,1,1,2,3
"1112121056556",1,1,2,4,3,4,4,4,2,1
"1112122039753",2,4,4,2,1,1,4,4,2,1
"1112126043460",2,3,2,1,1,3,4,3,1,1
"1115006058866",4,1,1,2,4,3,1,1,2,4
"1115016058207",1,4,4,2,1,1,4,4,2,1
"1115019037216",4,1,1,1,4,4,2,1,2,4
"1115019048294",2,1,1,4,4,2,1,1,4,4
"1115020038982",2,1,1,2,2,2,2,2,4,4
"1115021031187",1,1,2,4,4,1,1,2,4,3
"1115021035225",1,3,4,3,1,1,2,4,3,2
"1115023048786",1,1,2,2,3,4,4,3,1,1
"1115025002784",3,4,3,1,1,3,4,3,1,1
"1115025053346",3,4,4,2,1,3,4,3,1,1
"1115026032252",4,3,1,1,3,4,3,1,1,3
"1115026094206",3,4,3,1,1,3,4,3,1,1
"1115027002444",2,4,4,2,1,2,4,4,2,1
"1115027057164",2,1,1,3,4,2,1,1,4,4
"1115027077081",4,4,2,1,1,4,4,2,1,2
"1115028096706",2,4,3,2,2,2,2,2,2,2
"1115029059211",1,2,4,4,1,1,2,4,3,2
"1115041007286",1,2,2,4,4,4,3,2,1,2
"1115041008280",2,1,1,3,4,3,1,1,4,4
"1115041012060",2,4,3,2,2,3,4,2,1,1
"1115041014826",3,1,1,3,4,4,2,1,2,4
"1115041085808",1,3,4,3,1,1,3,4,3,1
"1115041092627",4,4,2,1,1,2,2,3,4,4
"1115042026164",3,1,1,3,4,2,1,2,4,4
"1115042048539",3,1,1,3,4,2,1,1,4,4
"1115042081442",4,4,2,1,2,4,4,1,1,1
"1115043021197",3,1,2,3,4,3,1,1,2,4
"1115044018868",1,1,4,4,2,1,1,3,4,2
"1115044054883",2,1,2,3,2,1,1,2,4,3
"1115044058765",4,2,1,2,4,4,2,1,1,4
"1115049017358",2,3,4,4,4,3,1,1,1,1
"1115050053591",3,4,3,1,1,3,4,3,1,1
"1115051009838",3,4,1,1,2,4,4,2,1,2
"1115051040175",1,1,2,4,4,4,4,3,1,1
"1115053047740",3,1,1,3,4,3,1,1,3,4
"1115057038026",4,2,1,1,1,1,3,4,4,4
"1115057053762",3,4,4,4,4,1,1,1,1,3
"1115059035294",4,4,3,1,1,3,4,3,1,1
"1115059045851",4,4,2,1,1,1,2,3,4,4
"1115063026222",3,4,2,1,1,4,4,2,1,1
"1115063033790",1,1,2,3,3,3,4,4,2,1
"1115069029265",4,4,2,1,2,2,2,2,2,2
"1115069040089",2,3,4,4,4,4,2,1,1,2
"1115070043973",4,4,2,1,1,4,4,2,1,1
"1115073006466",1,1,2,4,4,1,1,2,4,4
"1115078043567",2,2,4,2,2,2,2,4,2,2
"1115080039201",4,4,3,3,2,2,1,1,1,3
"1115082055859",1,2,4,3,1,1,2,4,3,1
"1115082061521",2,2,2,2,2,2,4,2,2,2
"1115083011923",4,3,1,1,2,4,4,3,2,2
"1115084015872",1,2,4,4,2,1,1,3,4,2
"1115084023166",1,1,1,2,3,4,4,4,3,2
"1115084043336",4,2,2,2,2,4,2,2,2,2
"1115084079151",1,1,2,3,4,4,4,4,2,1
"1115087062104",2,1,2,3,4,4,2,1,3,4
"1115087077427",4,4,4,2,1,1,1,2,3,4
"1115088006590",4,2,1,2,4,4,2,1,1,4
"1115088026241",1,2,3,4,4,4,2,1,1,1
"1115088096354",2,1,1,4,4,2,1,1,3,4
"1115089015612",4,1,1,2,4,3,1,1,2,4
"1115090017763",1,1,3,4,4,2,1,1,4,3
"1115090020070",3,1,1,3,3,1,1,2,4,4
"1115090084429",4,2,2,2,2,2,2,2,2,4
"1115090098761",1,1,3,4,3,1,1,2,4,3
"1115091002528",3,1,1,3,4,3,1,1,2,4
"1115091089111",4,4,4,2,1,1,1,2,3,4
"1115092041854",3,4,4,4,4,2,1,1,1,1
"1115092049321",4,1,1,2,2,3,3,4,4,4
"1115110085353",1,3,4,3,1,1,3,4,3,1
"1115110085384",1,4,4,3,1,1,3,4,2,1
"1115110100503",4,2,1,2,4,4,2,1,1,4
"1115111027026",4,4,1,1,2,4,2,1,2,3
"1115111055091",2,4,4,1,1,2,4,4,2,1
"1115111092329",2,2,4,2,2,2,2,3,2,1
"1115112028905",4,1,1,1,1,2,3,4,4,4
"1115112061910",3,4,2,1,1,3,4,4,1,1
"1115113003267",1,3,4,2,1,1,3,4,3,1
"1115113054684",2,3,3,3,4,4,2,1,1,2
"1115113074159",3,2,1,1,1,1,3,4,4,4
"1115114069020",1,2,4,3,1,1,3,4,3,1
"1115114073948",2,1,3,4,3,1,2,3,4,3
"1115115024887",1,1,3,4,2,1,1,3,4,3
"1115115032150",1,1,2,3,2,1,1,3,4,3
"1115115084374",1,2,4,4,3,1,1,3,4,2
"1115116018019",1,2,4,3,1,1,3,4,3,1
"1115116045901",2,2,3,3,3,3,1,2,4,4
"1115116069351",2,3,3,1,1,4,4,3,2,1
"1118001002046",2,2,2,3,2,2,2,2,4,2
"1118003009318",2,2,3,4,2,1,1,2,4,2
"1118003052114",1,2,3,3,1,1,2,4,4,2
"1118005036727",2,3,4,3,3,2,2,1,1,2
"1118008036022",1,3,4,2,1,1,3,4,2,1
"1118010013893",4,1,1,2,4,4,1,1,1,4
"1118017057450",2,2,3,3,4,4,4,2,1,1
"1118018036273",1,1,1,1,3,3,4,4,4,4
"1118018037764",1,2,4,4,3,1,2,3,4,2
"1118018049554",2,2,2,2,2,2,4,4,2,2
"1118018053307",1,4,4,2,1,2,4,4,3,1
"1118019056995",4,4,2,1,2,4,4,1,1,2
"1118020018033",4,2,1,2,4,3,1,1,2,4
"1118020041191",1,2,4,4,1,1,1,4,4,2
"1118021046644",2,4,4,2,1,2,4,4,2,1
"1118023013877",4,1,1,1,4,4,3,2,2,4
"1118024022758",4,4,3,3,4,4,1,1,1,3
"1118025058966",3,1,1,3,4,3,1,1,2,4
"1118025069886",3,4,3,1,1,2,4,4,1,1
"1118025090305",2,4,4,2,1,1,3,2,1,1
"1118026012045",4,4,2,1,1,3,4,2,1,1
"1118026022462",3,1,1,2,4,3,1,1,3,4
"1118026040918",2,4,4,2,1,2,4,4,1,1
"1118026065002",1,2,3,3,1,2,1,4,4,2
"1118026068873",4,2,2,2,2,2,2,2,2,3
"1118027049666",2,1,1,3,4,3,1,1,3,4
"1118027050556",1,3,4,3,1,1,3,4,2,1
"1118027094744",3,2,1,3,4,3,1,1,2,4
"1118027113117",2,4,2,1,2,2,4,2,2,2
"1118028077153",4,4,4,3,4,1,1,1,2,3
"1118041065971",4,4,2,1,2,4,4,1,1,1
"1118042016878",4,4,2,1,2,4,3,1,1,3
"1118042020964",2,4,4,3,2,2,3,3,2,2
"1118042034424",1,3,4,2,1,2,3,4,2,1
"1118042047168",4,3,1,1,1,1,2,3,4,4
"1118042055106",2,3,2,2,1,3,4,3,2,1
"1118042066417",4,2,1,1,4,4,2,1,1,4
"1118043048269",2,1,1,3,4,3,1,1,3,4
"1118044007797",2,2,4,3,2,1,2,4,3,2
"1118045003022",1,3,3,4,4,3,2,2,1,1
"1118045049794",2,2,3,3,2,2,2,4,4,2
"1118046020413",3,2,1,1,1,1,3,4,4,4
"1118046042684",1,4,4,2,1,1,4,4,2,1
"1118047012333",1,2,4,3,1,1,3,4,3,1
"1118048012998",4,2,1,1,4,4,2,1,2,4
"1118048035955",3,1,1,2,4,3,1,1,2,4
"1118051008285",2,1,1,2,4,2,1,1,2,4
"1118051030784",2,4,4,1,1,1,4,4,1,1
"1118055030142",2,2,2,2,4,2,2,2,2,4
"1118055055495",3,2,1,1,1,2,3,4,4,4
"1118056008796",1,3,4,4,1,1,3,4,4,1
"1118056016613",2,2,2,3,2,2,2,2,4,3
"1118058007296",2,4,4,1,1,2,4,3,1,1
"1118059012885",1,2,2,3,3,4,4,3,1,1
"1118061050528",4,2,1,1,4,4,1,1,1,4
"1118063004777",2,2,2,3,3,2,2,2,4,4
"1118063021994",3,1,1,3,4,4,1,1,2,4
"1118066049720",4,2,1,1,1,2,3,4,4,4
"1118076042546",1,1,3,4,3,1,1,3,4,3
"1118078042865",2,1,2,4,4,2,1,2,3,2
"1118079051554",2,4,4,2,1,1,3,4,2,1
"1118082019280",1,4,4,1,1,2,3,4,2,2
"1118084001995",3,4,3,1,1,4,4,2,1,1
"1118084034377",4,3,1,2,2,1,2,3,3,4
"1118086011308",1,1,1,2,4,4,4,4,3,1
"1118086029258",2,4,4,1,1,2,4,4,2,1
"1118086045277",4,4,4,3,1,1,1,1,3,3
"1118087085783",3,1,1,3,4,2,1,1,2,4
"1118088054945",2,1,2,4,3,1,1,3,4,3
"1118088057730",1,1,1,1,2,3,4,4,4,3
"1118089040878",1,2,4,4,2,1,1,3,4,2
"1118089052696",3,4,2,1,2,3,4,2,1,1
"1118089064878",4,4,4,4,3,1,1,1,2,3
"1118090074697",2,1,1,1,2,3,4,4,4,4
"1118090105638",4,2,1,1,3,4,3,1,1,3
"1118091047288",4,4,4,3,1,1,1,3,3,4
"1118091087396",4,2,1,1,4,4,1,1,1,4
"1118111032216",3,1,1,3,4,3,1,1,3,4
"1118111040389",4,3,1,1,4,4,1,1,1,4
"1118111050850",1,1,2,4,4,1,1,2,4,4
"1118111082261",1,2,4,4,2,1,1,3,4,3
"1118112008501",1,1,2,3,4,4,4,4,2,1
"1118112038777",4,4,2,1,1,1,2,3,3,4
"1118112063880",3,2,1,2,3,2,1,1,3,4
"1118113053932",2,4,4,4,3,2,2,1,1,2
"1118113062844",2,2,4,4,2,2,2,3,3,2
"1118114009071",1,2,3,4,2,1,1,3,4,3
"1118114047510",3,1,1,2,4,4,1,1,2,4
"1118114050397",4,4,1,1,3,4,3,1,1,2
"1118115055422",1,1,1,2,3,4,4,4,3,2
"1118116010599",1,1,4,4,2,1,2,4,4,2
"1118118041140",4,4,2,1,2,3,3,2,1,2
"1118120057287",1,2,4,2,2,1,2,4,2,1
"1121002027610",2,3,4,4,4,3,1,1,1,1
"1121006010662",1,2,4,4,1,1,3,4,4,1
"1121007001401",4,4,2,1,1,4,4,2,1,2
"1121008060208",4,3,2,1,3,4,3,1,1,2
"1121009002263",2,4,2,2,2,2,4,1,2,2
"1121012055589",2,2,2,1,2,4,4,4,2,1
"1121014029961",1,3,4,3,1,1,3,4,3,1
"1121014061130",2,4,4,1,1,2,3,3,2,2
"1121015009351",2,3,4,4,3,3,2,1,1,1
"1121017003772",1,2,3,2,1,1,4,4,3,1
"1121018039913",1,2,2,3,3,4,3,4,3,1
"1121019001119",1,2,4,3,1,1,2,4,3,1
"1121020001881",4,4,4,4,2,1,1,1,1,3
"1121020015334",1,1,3,4,4,4,4,2,1,1
"1121021023913",4,4,1,1,2,4,4,1,1,2
"1121021024119",1,1,2,4,4,1,1,3,4,3
"1121021050591",1,1,4,4,2,1,1,4,4,2
"1121021057459",3,1,1,2,4,3,1,1,2,4
"1121021066331",4,4,2,1,2,4,4,2,1,1
"1121022035954",3,4,2,1,2,4,4,2,1,2
"1121024034193",1,2,2,3,4,4,3,4,2,1
"1121024068324",3,1,1,1,2,3,4,4,4,4
"1121024082427",1,1,2,4,4,2,1,2,4,4
"1121025023397",2,1,1,2,4,2,1,1,2,4
"1121025054200",1,1,4,4,3,1,1,4,4,2
"1121026013258",1,4,4,2,1,1,4,4,1,1
"1121026086658",1,2,4,4,1,1,2,4,4,2
"1121026102855",4,1,1,2,4,4,1,1,2,4
"1121027036882",2,1,1,4,4,3,1,2,3,4
"1121039073601",1,1,4,4,2,1,1,3,4,2
"1121040010944",4,3,1,1,4,4,3,1,1,3
"1121040042263",1,1,4,4,2,1,2,2,3,2
"1121040051777",2,4,3,3,2,2,3,3,2,2
"1121040064181",1,1,4,4,2,1,1,4,4,2
"1121041051725",2,3,2,2,4,2,1,2,2,4
"1121042012703",1,2,3,2,1,1,3,4,4,3
"1121042046892",2,1,2,4,3,2,1,1,4,4
"1121043002322",2,4,3,1,1,2,4,4,1,1
"1121044039059",1,4,4,2,1,1,3,4,2,2
"1121044046346",4,4,1,1,2,4,4,2,1,1
"1121044053863",2,1,3,4,4,1,1,2,4,3
"1121045016604",2,4,2,2,2,2,2,3,2,2
"1121047014481",1,1,2,4,4,2,1,2,4,4
"1121047036739",2,1,2,4,4,2,1,2,4,4
"1121048001114",1,1,1,1,2,3,4,4,4,3
"1121049034228",2,1,1,3,4,2,1,1,2,4
"1121051016987",2,3,3,2,1,2,4,4,2,1
"1121051034516",1,1,1,3,3,4,4,3,3,1
"1121054052160",3,2,1,2,4,4,2,1,1,3
"1121059014912",1,3,4,2,1,2,3,3,2,2
"1121060027535",2,4,4,1,1,2,3,3,3,2
"1121064048466",4,4,4,4,2,1,1,1,3,3
"1121066022503",1,2,2,3,3,3,4,4,2,1
"1121068009553",1,1,2,4,4,2,1,3,4,4
"1121068027248",3,1,2,1,3,3,3,4,2,2
"1121071055112",1,1,4,4,2,1,1,4,4,2
"1121072016394",4,4,1,1,2,4,4,2,1,2
"1121073027783",1,2,3,2,1,1,2,4,3,1
"1121080005424",2,3,3,3,1,1,2,4,4,2
"1121080040995",2,4,4,2,1,1,2,3,2,1
"1121080071091",4,4,2,1,1,4,4,2,2,1
"1121081056127",4,2,1,1,4,4,2,1,2,4
"1121082017903",1,4,4,2,1,1,4,4,2,1
"1121084074422",2,1,2,4,3,1,1,2,4,3
"1121085059716",1,2,4,4,2,1,1,4,4,2
"1121085074417",4,4,2,2,1,1,1,2,3,4
"1121086012881",3,4,4,4,4,2,1,1,1,2
"1121086028318",2,4,4,1,1,2,4,4,1,1
"1121087063298",4,4,2,1,1,4,4,2,1,1
"1121088011621",4,4,1,1,2,2,2,2,1,2
"1121089097895",1,1,2,4,4,2,1,2,4,4
"1121109074943",1,3,4,3,1,1,2,4,3,1
"1121110029498",1,3,4,3,1,1,4,4,3,1
"1121110064014",1,1,1,4,4,2,1,2,4,4
"1121110108958",4,4,3,2,1,1,1,1,3,4
"1121111008478",1,1,4,4,2,1,1,4,4,2
"1121111042409",4,2,1,2,4,4,2,1,2,4
"1121111053046",1,1,2,4,3,1,1,2,4,3
"1121111069035",2,3,4,4,4,2,1,1,1,1
"1121111086383",1,2,4,4,1,1,2,4,4,2
"1121113003505",1,2,4,4,1,1,2,4,4,2
"1121113006216",1,1,3,4,3,1,1,2,4,4
"1121113025786",2,3,4,2,2,2,4,4,2,1
"1121113035955",1,1,2,4,4,1,1,2,4,4
"1121113038158",1,3,4,2,1,1,2,4,3,2
"1121113047236",3,1,1,2,4,4,1,1,2,4
"1121114000930",3,2,1,1,4,4,2,1,2,4
"1121114005677",4,3,1,1,2,4,4,2,1,3
"1121114014300",2,4,4,1,1,2,4,3,1,1
"1121114054462",1,3,4,2,1,1,4,4,2,1
"1121115034187",1,2,2,2,4,4,4,3,2,1
"1121116024935",4,2,1,2,4,4,2,1,1,4
"1121116040805",4,2,2,1,2,4,3,2,2,2
"1121116049601",4,2,2,2,1,3,1,2,4,4
"1121116073003",1,1,1,1,3,4,4,4,3,3
"1121117033737",3,4,2,1,1,4,4,3,1,2
"1121118021037",1,2,4,4,2,1,2,2,4,1
"1121118061310",2,1,1,4,4,1,1,2,4,4
"1121121057776",3,1,1,3,4,3,1,2,3,4
"1123002012634",2,1,1,1,1,2,4,4,4,4
"1123002024645",1,1,4,4,3,1,1,2,4,2
"1123002040706",1,4,3,2,1,2,4,4,1,1
"1123003045453",3,4,3,1,1,3,4,3,1,1
"1123004004003",2,4,4,3,1,1,4,4,2,1
"1123004052841",2,1,1,4,4,2,1,1,3,4
"1123004059675",2,2,1,2,4,2,2,2,2,4
"1123004066236",4,2,1,2,3,4,2,2,1,2
"1123007055309",2,1,1,2,2,2,1,2,4,4
"1123009006784",4,3,1,1,3,4,3,1,1,3
"1123009057161",1,1,3,4,3,1,1,2,4,2
"1123010035532",4,1,1,2,4,4,1,1,1,4
"1123012001028",4,3,1,1,3,4,4,1,1,3
"1123012002569",1,1,3,4,3,1,1,3,4,3
"1123014012925",4,2,2,3,2,4,2,2,2,2
"1123014023537",1,2,4,4,2,1,3,4,4,1
"1123016007891",4,4,2,1,1,3,4,2,1,2
"1123016028277",3,2,2,2,2,4,2,2,2,2
"1123017017621",2,2,1,1,1,3,4,4,4,3
"1123017044271",4,2,1,1,3,4,3,1,1,3
"1123018016376",4,1,1,2,4,4,2,1,2,4
"1123018017290",1,3,4,3,2,2,2,4,3,1
"1123020057480",1,1,2,3,4,4,4,4,1,1
"1123021015330",1,1,3,4,3,1,1,4,4,3
"1123021060046",3,2,1,1,2,2,3,4,4,4
"1123022009590",2,3,4,1,1,1,3,4,2,1
"1123024063957",1,2,4,3,1,1,2,4,4,2
"1123024089763",1,1,2,3,3,1,1,2,4,4
"1123037004555",1,2,4,4,2,1,1,2,4,2
"1123037019103",4,2,1,2,4,4,2,1,1,3
"1123037027009",1,1,3,4,3,1,1,3,4,2
"1123037032805",2,4,4,1,1,2,4,4,1,1
"1123038009250",1,3,4,2,1,2,4,4,3,2
"1123038014687",4,4,1,1,2,4,3,1,1,3
"1123038089437",4,2,1,1,4,4,2,1,1,4
"1123040022005",1,2,4,3,1,1,3,4,3,1
"1123040024445",1,1,3,4,2,2,2,4,4,1
"1123041060753",3,4,3,1,1,3,4,3,1,1
"1123042004758",4,3,1,1,3,4,3,1,1,4
"1123042027541",4,2,1,1,3,4,3,1,1,4
"1123042039762",4,4,2,1,2,4,4,2,1,2
"1123043062550",3,2,2,2,3,4,2,1,2,3
"1123045052415",2,2,2,2,4,4,3,1,2,1
"1123047046483",1,3,4,3,1,1,3,4,3,1
"1123052033150",1,1,3,4,4,1,1,2,4,4
"1123052055933",2,4,2,2,1,2,4,2,2,2
"1123054038801",4,2,1,1,1,2,3,4,4,4
"1123057006599",2,1,2,4,2,2,1,3,4,2
"1123059039666",4,2,1,1,3,4,2,1,1,3
"1123068046540",3,3,1,1,3,4,4,2,1,2
"1123068046977",4,4,1,1,2,4,4,2,1,2
"1123072014048",4,4,4,2,1,1,1,2,3,4
"1123072048938",2,1,1,4,4,2,1,1,4,4
"1123075008743",3,4,4,4,2,2,1,1,1,2
"1123075018161",3,3,1,1,2,4,4,2,1,1
"1123075047693",1,1,2,2,3,4,4,4,2,1
"1123076030916",4,2,1,1,3,4,2,1,1,4
"1123078052294",1,4,4,3,2,1,2,4,3,1
"1123080011202",4,4,4,3,2,1,1,1,2,3
"1123081019634",1,1,2,4,4,1,1,2,4,4
"1123083002475",4,1,1,2,4,3,1,1,2,4
"1123084003019",1,3,4,2,1,1,4,4,3,1
"1123084048458",4,4,1,1,2,4,3,1,1,2
"1123086007673",1,1,3,4,3,1,2,2,4,3
"1123086039282",2,1,1,4,4,2,1,1,3,4
"1123087043659",4,3,1,1,3,4,3,2,1,3
"1123087087744",2,1,1,1,2,3,4,4,4,4
"1123088073245",2,3,4,4,4,4,1,1,1,1
"1123088083873",2,1,1,1,2,3,4,4,4,4
"1123110027438",1,1,2,3,4,4,4,3,1,1
"1123110052444",1,2,2,3,4,4,4,2,1,1
"1123110074247",2,3,3,4,3,1,1,2,3,2
"1123112014816",4,3,1,1,3,4,3,1,1,2
"1123112066751",1,1,2,2,3,4,4,4,3,2
"1123113059704",4,2,1,1,4,4,2,2,1,3
"1123114048802",1,4,4,2,1,1,4,4,2,1
"1123116037750",3,1,1,3,4,4,2,1,2,4
"1123116043878",4,4,4,2,1,1,1,2,3,4
"1126002057899",2,1,1,3,4,3,1,1,3,4
"1126003018557",4,4,2,1,2,4,4,2,1,2
"1126003065714",4,3,1,2,3,4,3,1,2,3
"1126004053069",4,1,1,2,4,3,1,1,2,4
"1126006006394",1,2,4,3,1,1,2,4,3,1
"1126007048478",2,1,1,4,4,2,1,1,4,4
"1126008009293",2,2,3,4,2,1,2,3,4,2
"1126012060920",4,3,3,1,2,3,4,3,1,2
"1126013024952",4,1,1,2,3,2,1,2,4,4
"1126013065580",2,2,2,2,4,2,2,2,2,4
"1126015037232",2,4,4,1,1,2,4,4,1,1
"1126015065120",4,3,2,1,2,4,2,1,2,3
"1126016006118",4,4,2,1,1,3,4,2,1,1
"1126016045143",4,2,1,1,4,4,2,1,2,4
"1126017050955",1,1,2,4,4,2,2,3,4,3
"1126018034084",1,2,4,3,1,1,4,4,4,1
"1126019028305",3,4,2,2,2,3,4,2,1,1
"1126019070885",2,1,2,4,4,3,2,2,3,3
"1126019074933",4,2,1,1,3,4,2,1,1,4
"1126019080464",2,1,2,4,3,1,1,2,4,4
"1126020087839",4,3,2,1,2,4,3,1,2,4
"1126021044801",3,2,1,3,4,3,2,1,4,3
"1126023069460",3,1,1,3,4,2,1,1,3,4
"1126036001533",2,1,1,4,4,3,1,1,3,4
"1126036061908",2,2,4,3,2,1,2,4,2,2
"1126037019910",4,2,2,1,4,4,2,1,1,2
"1126038042098",2,1,1,1,2,4,4,4,4,3
"1126038042515",2,2,2,4,2,2,2,2,4,2
"1126039050923",2,2,2,2,4,2,2,2,2,4
"1126041005665",3,2,3,3,1,2,3,3,3,1
"1126042004579",4,2,1,1,1,2,3,3,4,4
"1126042043941",2,4,4,3,1,1,2,4,2,1
"1126043062048",2,4,3,1,1,2,4,3,1,1
"1126044001122",1,3,4,4,1,1,3,4,3,1
"1126044009455",1,2,4,4,2,1,2,4,4,2
"1126048043806",1,2,4,4,4,4,3,1,1,1
"1126051046669",4,2,2,2,3,4,2,2,1,3
"1126054051411",2,4,4,2,1,2,4,4,2,1
"1126059046551",4,4,4,2,1,1,1,1,2,4
"1126060031894",4,4,4,3,1,1,1,1,2,3
"1126065043884",4,4,2,1,1,1,1,2,4,4
"1126066010499",1,2,4,3,1,1,2,4,3,1
"1126071042944",3,3,1,1,2,4,3,1,1,2
"1126074033571",4,4,4,4,2,1,1,1,2,3
"1126075008153",1,3,4,2,1,1,3,4,2,1
"1126075008347",3,1,1,1,2,2,3,3,4,4
"1126077022614",1,1,4,4,3,1,1,3,4,2
"1126079072931",3,1,1,3,4,3,1,1,2,4
"1126081052923",3,2,2,2,4,3,1,2,3,3
"1126082033340",4,4,3,3,1,1,1,2,4,4
"1126083026899",3,2,2,4,2,3,3,3,3,1
"1126083057752",1,1,3,4,2,1,1,3,4,3
"1126084009732",4,2,1,1,3,4,2,1,2,4
"1126084010313",4,4,2,1,2,4,4,1,1,2
"1126085049679",4,4,2,1,1,2,2,3,4,4
"1126088026004",3,4,4,4,4,4,1,1,1,2
"1126109033012",1,1,2,4,4,1,1,2,4,4
"1126109039493",3,2,1,3,4,3,1,2,2,4
"1126109080758",1,1,3,4,2,1,2,4,4,3
"1126111001768",4,3,1,1,3,4,3,1,1,3
"1126111040999",3,1,1,2,4,2,1,2,4,4
"1126111075696",4,2,1,1,3,4,2,1,1,3
"1126112006563",2,4,4,2,1,1,4,4,2,1
"1126112072279",1,1,2,4,4,3,1,1,3,4
"1126114053536",1,1,4,4,1,1,2,4,4,1
"1126116071074",3,1,1,2,4,3,1,1,2,4
"1129004050656",3,1,1,3,4,4,2,1,2,4
"1129004059623",3,4,2,1,1,3,4,2,1,1
"1129005055914",4,4,4,2,1,1,1,2,3,4
"1129005069538",2,4,4,2,2,2,2,2,2,2
"1129006017443",1,4,4,3,1,1,2,4,1,1
"1129008055725",4,1,1,2,4,4,1,1,3,4
"1129009009935",2,2,2,2,4,3,2,1,2,4
"1129009024466",2,4,2,2,2,2,4,2,2,2
"1129011054783",4,1,1,2,4,4,1,1,2,4
"1129011069310",2,2,2,4,2,2,2,2,4,2
"1129012011820",4,4,2,1,2,3,4,2,1,2
"1129012066585",2,1,1,4,4,2,1,1,3,3
"1129014015957",3,3,2,2,2,4,4,2,2,2
"1129014063002",2,4,4,1,1,2,4,4,1,1
"1129015003487",1,2,4,4,1,1,2,4,3,1
"1129015010671",4,4,1,1,2,3,3,1,1,2
"1129015071799",1,1,3,4,3,1,1,3,4,4
"1129016054758",1,1,2,4,4,1,1,2,3,3
"1129018005237",1,2,3,2,1,2,4,4,3,1
"1129018078032",4,4,2,1,2,3,4,2,1,1
"1129019035165",3,1,1,1,1,2,3,4,4,4
"1129019039432",4,3,1,4,1,4,3,1,4,1
"1129019089821",1,2,4,3,2,1,3,4,3,2
"1129020046058",1,1,3,4,3,1,1,3,4,3
"1129023067066",4,4,2,1,2,4,3,1,1,2
"1129023081422",2,4,4,2,1,1,4,4,1,1
"1129023102208",3,1,2,3,3,2,1,2,4,4
"1129035049303",4,4,2,1,1,3,4,2,1,1
"1129037013762",2,4,4,4,4,2,1,1,2,2
"1129037020267",1,4,4,3,1,1,3,4,2,1
"1129038055949",2,1,2,4,4,1,1,2,4,4
"1129041055073",1,1,2,4,3,1,1,2,4,3
"1129042036356",2,3,4,3,1,2,3,4,1,2
"1129049007809",4,4,3,2,1,2,1,2,3,3
"1129055002461",1,1,1,1,2,4,4,4,4,3
"1129059002056",4,4,3,1,2,4,4,2,1,1
"1129064025765",2,1,1,2,3,4,4,4,3,1
"1129065031267",4,2,1,2,4,4,2,1,1,3
"1129066012204",2,4,3,1,1,1,4,3,1,1
"1129067022216",2,3,4,4,4,4,2,1,1,2
"1129068053878",3,4,3,1,2,2,3,4,2,1
"1129071000831",2,1,2,4,4,4,1,1,1,3
"1129072059485",4,4,2,1,1,4,4,2,1,3
"1129074020210",1,3,4,4,4,4,3,1,1,1
"1129075059648",4,2,2,2,2,2,2,2,2,4
"1129076010055",4,4,1,1,1,4,4,2,1,2
"1129076055293",3,4,4,2,2,1,2,2,2,3
"1129077032288",2,3,4,3,1,1,3,4,2,1
"1129078004288",4,1,1,2,4,4,2,1,2,4
"1129078049671",2,4,3,1,1,2,4,4,1,1
"1129079038106",1,2,4,4,2,1,2,4,4,1
"1129081034962",2,2,2,2,4,4,1,1,2,4
"1129081047374",4,2,1,2,4,4,2,1,1,3
"1129081081711",2,1,2,4,4,3,2,1,3,4
"1129082036947",3,2,2,2,3,3,2,2,2,4
"1129082061637",2,4,3,1,1,2,4,3,1,2
"1129082085835",1,1,2,4,3,1,1,3,4,4
"1129083093515",2,3,2,1,2,4,4,2,1,2
"1129084022964",1,1,4,4,2,1,1,4,4,2
"1129084040048",3,3,2,2,2,3,3,2,1,3
"1129084063564",1,2,4,2,1,2,4,4,3,1
"1129105095905",2,1,1,3,4,3,1,1,3,4
"1129106008797",3,1,1,3,4,2,1,1,3,4
"1129107058293",3,1,1,3,4,2,1,1,4,4
"1129107058397",1,3,2,4,3,2,4,4,1,1
"1129108047855",1,3,4,2,1,3,4,4,3,2
"1129108066614",1,1,3,4,2,1,1,4,4,2
"1129109009546",1,1,2,4,4,1,1,2,4,4
"1129109014517",1,1,1,3,3,4,3,4,4,2
"1129109043779",1,1,2,3,4,4,4,4,1,1
"1129110070998",1,1,3,4,2,1,1,3,4,2
"1129110080773",1,1,1,3,2,2,2,3,4,3
"1129111057578",3,1,1,3,4,3,1,1,3,4
"1132004065071",2,4,4,2,1,2,4,4,2,1
"1132005017717",3,4,3,2,2,3,4,3,2,1
"1132005071537",2,3,2,3,1,4,4,3,2,1
"1132008042026",2,2,2,4,4,2,2,2,2,2
"1132009043532",1,2,4,4,2,1,3,4,4,1
"1132010061786",1,2,3,3,1,1,2,4,3,2
"1132010066184",3,4,2,1,2,3,4,2,1,1
"1132011008734",4,4,4,3,3,2,1,1,2,1
"1132011028133",3,1,1,3,4,3,1,1,2,4
"1132011044612",3,4,4,1,1,2,3,3,1,1
"1132011064503",1,1,2,4,2,1,1,3,4,3
"1132012003988",4,1,1,1,4,3,2,1,2,4
"1132012036886",2,4,4,1,1,1,4,4,1,1
"1132013033681",1,1,2,4,4,1,1,1,4,3
"1132014042738",4,4,4,3,3,1,1,1,2,2
"1132014047540",4,4,1,1,2,4,4,1,1,2
"1132015005536",2,3,3,2,1,2,4,4,2,1
"1132015005631",1,2,4,4,2,1,2,4,3,2
"1132015023719",1,2,4,4,1,1,2,3,3,1
"1132015045823",1,1,2,4,3,1,1,3,4,3
"1132016022432",4,2,1,1,3,4,2,1,2,4
"1132016051020",2,3,4,1,1,2,4,4,2,1
"1132016054092",3,4,4,1,1,2,4,3,1,1
"1132016055767",4,4,1,1,3,4,4,1,1,2
"1132016061791",1,3,4,3,1,1,4,4,2,1
"1132017015644",1,1,4,4,2,1,2,4,4,1
"1132017044237",1,2,3,4,4,4,3,2,1,1
"1132017057398",1,1,4,2,1,2,3,4,3,1
"1132019010068",4,3,2,1,1,1,2,2,4,4
"1132019011687",2,4,4,2,1,1,3,4,2,1
"1132019026037",4,4,4,2,2,1,2,1,2,4
"1132019038019",2,2,4,4,2,2,2,3,3,2
"1132019058753",1,1,1,2,4,4,4,4,1,1
"1132019089373",1,1,3,4,3,1,1,3,4,4
"1132020030805",1,3,4,4,1,1,2,4,3,1
"1132021011564",1,2,4,4,1,1,2,4,4,1
"1132021074809",4,4,2,1,2,3,4,2,1,1
"1132022058159",3,4,3,2,2,3,3,1,1,3
"1132033034087",2,2,2,4,2,2,2,2,4,2
"1132033098674",1,2,4,4,1,1,2,4,3,1
"1132034006556",1,2,4,4,1,1,2,4,4,1
"1132034010178",4,3,1,1,3,4,3,1,1,3
"1132034023628",2,4,4,1,1,2,4,4,2,1
"1132034061811",2,1,3,4,3,1,1,3,4,2
"1132034073838",3,4,3,4,3,3,1,1,1,2
"1132034082995",2,1,1,2,3,1,1,2,4,4
"1132035016698",3,4,2,1,1,3,4,3,1,1
"1132035029652",2,2,1,3,4,2,2,2,2,4
"1132035030323",1,1,2,4,4,3,2,1,2,2
"1132035060059",2,1,1,3,4,3,1,1,3,4
"1132036003697",2,2,2,2,4,2,2,2,2,4
"1132036073789",2,2,4,3,2,2,2,2,2,2
"1132037048171",4,3,1,1,3,4,2,1,1,3
"1132038044922",3,4,2,1,1,4,4,2,1,2
"1132040044395",1,4,4,2,1,2,4,4,2,1
"1132041045122",2,2,4,2,2,2,2,3,2,2
"1132042020170",4,3,1,1,2,4,3,2,1,3
"1132042025490",2,3,4,4,3,4,2,1,1,1
"1132044003475",2,2,2,4,4,2,2,2,4,3
"1132044010506",1,1,1,4,4,1,1,2,4,4
"1132046008490",4,4,2,1,2,4,4,2,1,2
"1132046032057",2,2,2,2,4,4,2,1,1,3
"1132047046369",2,2,4,4,1,1,2,3,2,2
"1132052047646",4,4,2,1,2,1,2,3,4,3
"1132055009846",3,1,1,4,4,2,1,2,3,4
"1132055046699",4,4,1,1,2,4,4,1,1,3
"1132056056716",4,3,4,3,2,1,1,1,3,3
"1132056059643",2,4,1,2,2,2,4,2,2,2
"1132057000950",4,4,4,1,1,1,2,3,3,3
"1132059002064",3,2,1,1,2,2,3,4,4,4
"1132069029787",1,2,4,3,1,2,3,4,3,1
"1132070037010",3,4,3,1,1,3,4,3,1,1
"1132070050792",3,4,3,1,1,4,4,2,1,1
"1132072034818",3,1,1,1,1,2,3,4,4,4
"1132074056743",1,2,4,3,2,1,3,4,4,1
"1132075030539",1,1,3,4,3,1,2,3,4,3
"1132076005320",4,3,1,1,3,4,3,1,1,2
"1132078030537",1,2,2,2,2,2,2,4,3,1
"1132079044686",4,4,3,1,1,1,2,2,4,4
"1132079045478",3,4,2,1,1,4,4,2,2,1
"1132081041188",3,3,4,3,3,2,2,1,2,2
"1132081047108",4,4,2,1,1,4,4,3,1,1
"1132081052585",4,2,1,1,3,3,2,2,2,3
"1132082056853",3,3,4,4,3,2,1,1,2,3
"1132082065648",2,4,4,1,1,2,4,3,1,1
"1132082085663",1,3,3,4,4,4,3,2,1,1
"1132084069168",NA,3,4,4,4,3,1,1,1,2
"1132103041621",1,4,4,2,1,2,4,4,1,1
"1132103070672",2,1,1,4,3,3,1,2,4,4
"1132103082823",1,4,4,1,1,2,4,4,2,1
"1132104018989",4,2,1,2,4,4,2,1,1,4
"1132104021893",1,4,4,2,1,1,3,4,2,1
"1132104029335",1,1,4,4,1,1,2,3,4,2
"1132105019275",4,3,1,2,2,4,3,2,1,2
"1132105024353",2,2,2,2,4,2,2,2,2,4
"1132105055098",4,2,1,2,4,4,2,1,1,4
"1132105090305",4,4,2,1,1,1,2,3,4,4
"1132109039623",4,4,2,1,1,3,4,2,1,1
"1135003055056",1,3,4,3,1,1,2,4,3,1
"1135003058463",4,4,3,1,1,3,4,2,1,1
"1135005074067",3,2,2,2,2,4,2,2,2,2
"1135007030344",4,4,1,1,2,4,3,1,1,2
"1135007056639",1,2,4,4,1,1,2,3,3,2
"1135008045095",4,2,2,2,2,4,3,1,1,2
"1135008045911",2,1,1,3,4,2,1,1,3,4
"1135008047752",4,3,1,2,3,4,3,2,1,3
"1135009021000",1,2,4,4,1,1,3,4,3,2
"1135009028129",2,4,2,2,2,3,4,3,2,2
"1135009069424",4,3,1,1,2,4,4,3,2,3
"1135012001856",2,4,3,1,1,2,4,3,2,1
"1135012032615",3,4,2,1,1,3,4,3,1,1
"1135013077025",2,4,4,2,1,1,4,4,2,1
"1135014029223",4,3,1,1,3,4,3,1,2,3
"1135014031311",1,1,3,4,4,1,1,1,4,3
"1135014047401",4,4,2,1,3,3,1,3,1,1
"1135014048998",2,4,2,1,2,4,4,3,1,1
"1135015035921",2,4,2,2,2,2,4,2,2,2
"1135015071624",2,3,4,2,1,2,4,4,2,1
"1135015089687",4,2,1,1,3,4,2,1,2,3
"1135016002142",1,1,4,4,2,1,1,4,4,2
"1135016039253",3,4,3,1,1,2,4,3,1,1
"1135017059663",4,4,2,1,1,4,4,2,1,1
"1135017074435",4,4,3,1,1,2,4,3,1,2
"1135017082234",4,4,4,2,1,1,1,2,3,4
"1135017095320",4,3,1,1,3,4,2,1,1,3
"1135018004330",1,3,4,3,1,1,3,4,2,1
"1135018012181",2,1,1,1,2,3,4,4,4,3
"1135018095015",3,2,2,2,3,4,2,2,2,3
"1135020026279",1,1,2,3,1,1,2,4,4,2
"1135031027928",3,1,1,3,4,2,1,2,3,4
"1135031045068",4,1,1,2,4,4,2,1,2,4
"1135031089910",4,4,1,1,2,4,4,1,1,2
"1135032012873",1,1,4,3,1,1,2,4,4,1
"1135032021083",1,1,2,4,4,2,1,2,4,4
"1135032035214",4,2,2,2,3,4,1,2,2,2
"1135032065228",2,4,3,1,1,2,4,4,2,2
"1135033004439",1,2,4,4,1,1,2,4,4,2
"1135033024774",1,2,4,3,3,3,3,3,2,1
"1135033072129",3,3,3,4,3,1,2,1,2,3
"1135033088460",3,3,4,2,1,1,2,3,3,1
"1135034002735",1,1,2,4,3,1,1,2,4,3
"1135034057618",4,4,1,1,3,4,3,1,1,2
"1135034059673",1,1,2,4,4,4,3,1,1,1
"1135035020103",3,4,2,1,1,4,4,2,1,1
"1135035046016",4,4,3,1,1,3,4,2,1,1
"1135035062031",3,2,1,2,4,3,1,1,2,4
"1135035078993",2,3,2,2,2,2,2,3,4,3
"1135037012437",1,4,4,2,1,1,3,4,2,1
"1135037024878",1,2,4,4,1,1,2,4,4,1
"1135038005673",2,2,2,2,2,2,2,2,3,4
"1135040012079",3,1,1,3,4,3,1,1,3,4
"1135041031199",4,4,1,1,2,4,4,2,1,2
"1135046003113",2,4,4,1,1,2,4,4,1,1
"1135049014279",3,4,3,1,1,3,4,3,1,1
"1135050000439",2,3,4,4,4,3,2,1,1,1
"1135054029052",3,3,4,2,1,2,4,4,1,1
"1135058004585",1,2,4,4,2,1,1,4,4,2
"1135066020490",2,3,4,4,4,3,1,1,1,1
"1135070011474",3,4,2,1,2,4,4,2,1,2
"1135070070460",3,4,4,4,4,2,1,1,1,1
"1135071030770",3,1,1,1,1,2,3,4,4,4
"1135072027203",4,4,3,2,1,1,1,2,3,4
"1135072048639",2,1,1,4,4,2,1,2,3,4
"1135073055919",4,2,1,1,4,4,2,1,2,4
"1135074079567",1,2,2,3,4,4,2,2,2,2
"1135075014292",4,2,1,1,4,4,2,1,1,4
"1135075039916",4,4,3,1,1,1,1,2,4,4
"1135076030509",4,2,1,2,4,4,2,1,2,4
"1135077015657",3,4,4,3,2,1,1,1,2,3
"1135077032566",1,1,3,4,2,1,2,4,4,2
"1135077043182",1,1,3,4,3,1,1,2,4,3
"1135078020542",2,2,3,4,4,3,1,1,2,3
"1135078076188",2,1,2,4,4,2,1,2,4,4
"1135079006805",2,4,3,2,1,2,4,4,3,1
"1135079093693",2,4,3,1,3,2,4,2,1,2
"1135080082611",1,1,4,4,2,2,1,3,4,2
"1135081075062",4,4,2,1,1,4,4,2,1,1
"1135081095310",2,4,4,1,1,1,4,4,1,1
"1135082104730",NA,4,2,1,2,3,4,3,1,1
"1135101005930",3,2,1,1,4,4,3,1,1,2
"1135101008180",4,4,2,1,2,4,4,3,1,1
"1135101090685",1,3,4,4,1,1,3,4,4,1
"1135102000764",1,3,4,4,1,1,2,4,3,1
"1135102020418",2,1,1,3,4,3,2,1,3,4
"1135102033336",2,1,1,4,4,2,1,1,4,4
"1135102070756",3,1,1,3,4,3,1,1,2,4
"1135103026935",2,2,3,2,2,2,3,4,2,1
"1135105040864",1,4,4,3,1,1,2,4,2,1
"1135106015065",4,3,2,1,2,4,3,2,2,2
"1135106049571",4,2,1,2,3,4,2,1,1,4
"1138002042714",4,3,2,1,2,4,4,1,1,2
"1138002056774",1,1,4,4,3,1,2,4,4,2
"1138004065213",2,2,4,3,2,1,2,3,2,1
"1138004084314",2,3,4,4,4,4,2,1,1,1
"1138005026409",1,1,3,4,3,1,2,3,4,3
"1138005036493",1,2,4,4,4,4,2,1,1,1
"1138005046558",4,4,2,1,2,3,4,2,1,1
"1138006007010",2,1,1,2,4,4,1,1,4,4
"1138006022342",2,1,1,4,4,1,1,1,4,4
"1138006050361",3,4,3,1,1,3,4,3,1,1
"1138007027298",2,1,1,3,4,2,1,1,4,4
"1138007044145",2,1,2,4,3,2,1,2,4,4
"1138007053862",4,4,4,1,1,3,4,3,1,1
"1138008036101",4,2,1,2,4,4,2,1,2,4
"1138008045857",4,3,2,1,2,4,3,2,1,2
"1138008058568",1,1,4,4,2,1,1,3,4,2
"1138009001497",4,4,2,1,1,3,4,2,1,1
"1138009007473",2,1,1,3,4,2,1,1,3,4
"1138009038824",4,1,1,2,4,3,1,1,2,4
"1138009041127",2,1,2,4,3,1,1,2,4,4
"1138010011316",1,1,2,4,4,1,1,2,4,4
"1138010077959",1,2,4,2,1,1,2,4,3,1
"1138010088394",4,3,1,1,4,4,2,1,1,2
"1138011042482",4,3,1,1,3,4,2,1,1,3
"1138012026970",3,1,2,3,3,1,1,3,4,4
"1138012032524",2,1,2,4,4,2,1,2,4,4
"1138012038404",1,1,4,4,2,1,1,3,4,2
"1138012065803",4,3,1,1,3,4,4,1,1,2
"1138013038930",3,1,1,2,4,4,2,1,2,4
"1138013057666",2,1,1,4,4,2,1,1,4,4
"1138014006668",4,1,1,1,4,4,2,1,2,4
"1138015004565",1,1,2,4,3,1,1,2,4,3
"1138015021654",4,4,2,1,2,4,4,1,1,2
"1138015049569",4,4,2,1,1,4,4,1,1,2
"1138015051096",4,4,2,1,2,4,4,1,1,2
"1138015062600",4,4,2,1,2,4,4,1,1,2
"1138015082733",4,3,1,1,2,4,3,1,1,2
"1138015091601",3,2,1,2,4,4,2,1,2,3
"1138015100569",3,4,4,3,2,2,2,1,2,1
"1138016011989",4,4,2,2,2,2,2,1,2,2
"1138016092414",4,2,1,1,3,4,2,2,2,4
"1138016098569",3,4,4,2,1,1,3,3,2,1
"1138017034605",2,2,2,2,2,2,4,4,2,2
"1138017056293",2,2,2,4,4,2,1,2,3,2
"1138017056553",2,1,1,4,4,2,1,1,3,4
"1138018013363",4,2,1,2,4,4,1,1,2,4
"1138020048056",1,1,4,4,2,1,1,4,4,1
"1138020084230",2,4,4,1,1,2,4,4,1,1
"1138020110229",4,3,1,1,2,4,3,1,1,2
"1138030069422",3,1,1,3,4,3,2,1,3,4
"1138031027478",2,4,2,2,2,2,4,2,2,2
"1138031027719",1,3,4,3,1,1,3,4,4,1
"1138031055841",3,1,1,3,4,2,1,1,2,3
"1138031065460",1,1,2,4,4,4,4,2,2,1
"1138032026375",1,3,4,3,2,1,3,4,3,1
"1138032036980",1,2,3,3,1,1,3,4,4,2
"1138032061547",3,4,3,1,1,3,4,2,1,1
"1138033001627",1,1,1,2,3,4,4,4,4,1
"1138033037420",4,3,1,1,2,4,3,1,1,2
"1138033064612",4,4,4,4,2,1,1,1,1,3
"1138033072256",4,4,2,1,1,3,3,2,1,1
"1138034000634",3,3,1,3,3,3,2,2,1,4
"1138034026288",4,4,3,1,2,2,4,2,2,1
"1138034031524",2,4,3,2,1,2,4,3,1,1
"1138034045569",2,4,3,1,1,2,4,3,1,1
"1138035027408",1,2,3,3,1,1,4,4,3,2
"1138035056454",2,1,2,4,4,3,1,1,3,4
"1138035064137",3,2,1,2,4,3,1,1,3,4
"1138035073013",2,2,1,2,2,4,3,3,3,4
"1138036011110",1,1,2,3,4,2,2,3,4,3
"1138037004354",1,1,2,4,3,1,1,3,4,4
"1138037014032",4,2,1,2,4,3,1,1,2,4
"1138038047886",1,1,4,4,2,1,1,4,4,2
"1138039044668",3,4,2,1,1,4,4,2,1,1
"1138040030876",3,2,4,3,2,2,2,4,2,1
"1138042006950",2,4,3,1,1,2,4,3,1,1
"1138042012784",1,1,2,2,2,1,2,4,4,3
"1138047047841",1,2,4,4,1,1,1,4,3,2
"1138048022608",2,1,1,1,2,3,4,4,4,4
"1138049030566",4,4,2,1,2,4,4,1,1,2
"1138051041845",4,4,2,1,1,4,4,2,1,1
"1138057009185",4,4,1,1,1,4,4,2,1,1
"1138060008343",4,3,1,1,3,3,2,2,2,4
"1138062024528",4,3,2,1,3,4,3,1,1,3
"1138068030786",4,4,3,2,1,1,1,2,4,3
"1138070008620",2,4,4,3,2,2,2,1,2,3
"1138070052922",3,3,3,3,3,1,2,3,3,3
"1138071075079",2,2,2,4,4,3,3,2,1,1
"1138072013029",4,4,4,4,2,1,1,1,1,3
"1138073056920",3,4,2,1,1,3,4,3,1,1
"1138074014645",1,1,4,4,3,1,2,4,4,2
"1138074025995",1,1,3,4,3,2,1,3,4,2
"1138074048249",1,2,4,3,1,1,2,4,4,1
"1138075060049",2,3,4,2,2,2,3,3,2,2
"1138075068915",2,2,2,4,4,2,1,2,3,2
"1138076009249",2,1,2,4,2,2,1,2,4,2
"1138076013017",4,4,2,1,2,4,3,1,1,1
"1138077067402",1,1,4,4,2,1,2,4,4,2
"1138077077403",2,1,1,3,3,2,1,2,4,4
"1138077079194",4,3,1,1,2,4,3,1,1,2
"1138077079233",4,4,2,1,1,4,2,1,2,2
"1138077086974",1,2,3,4,2,1,2,4,4,2
"1138078018656",4,3,1,1,3,4,3,2,1,2
"1138078079951",2,4,3,3,3,2,2,1,1,2
"1138078097361",1,1,3,4,2,1,2,3,4,4
"1138098106895",4,1,1,1,4,4,2,1,2,4
"1138099046028",1,1,2,3,4,4,4,4,1,1
"1138100047854",1,1,3,4,3,1,1,2,4,3
"1138100049922",4,4,1,1,1,4,4,2,1,1
"1138100064349",2,2,3,4,4,3,2,2,2,1
"1138101022138",4,2,1,1,4,4,2,1,1,3
"1138102071715",2,2,4,4,2,1,1,2,2,2
"1138103056310",1,1,2,4,4,1,1,2,4,4
"1138103071916",1,1,4,4,2,1,1,4,4,2
"1140002026695",1,1,1,4,4,2,1,2,4,4
"1140002051594",1,2,4,4,2,1,3,4,4,2
"1140002076780",1,4,4,2,1,1,4,4,2,1
"1140003001419",3,4,3,1,1,3,4,2,1,2
"1140003050411",3,4,4,4,4,1,1,1,1,2
"1140004036417",3,4,2,1,1,3,4,2,1,1
"1140005007210",3,4,2,1,2,4,2,3,3,1
"1140005030541",2,1,1,2,4,3,2,2,2,4
"1140005052905",3,2,1,1,3,4,2,1,1,2
"1140006005645",4,1,1,1,1,2,3,4,4,4
"1140006035469",1,4,4,2,1,1,3,4,2,1
"1140006064649",1,2,4,3,1,1,2,4,3,1
"1140006088729",4,4,4,2,2,2,1,1,1,2
"1140007020347",1,1,1,1,3,4,4,4,3,1
"1140008010444",3,4,2,1,1,3,4,3,1,1
"1140008040811",4,3,1,1,1,1,3,4,4,4
"1140008052073",2,1,1,3,4,3,3,2,3,4
"1140010007026",1,1,2,4,4,1,1,3,4,4
"1140010028276",4,2,1,1,4,3,2,1,2,4
"1140011001340",3,3,4,3,4,4,1,1,1,2
"1140011044255",2,4,4,2,1,1,3,4,2,1
"1140011074801",3,1,1,1,2,2,4,4,4,4
"1140017063318",4,3,1,1,3,4,3,1,1,2
"1140028003088",2,3,4,3,2,1,2,4,1,2
"1140028062239",4,3,1,1,3,4,3,1,1,2
"1140028062819",2,1,1,3,4,2,1,1,4,4
"1140028082637",2,2,3,3,4,4,2,1,1,1
"1140029012529",1,2,4,4,2,1,2,3,4,2
"1140029021896",3,1,1,3,4,3,1,1,2,4
"1140029057579",2,2,4,2,1,1,2,4,2,2
"1140029063082",3,1,1,3,4,4,1,1,2,4
"1140030012902",3,2,2,3,2,2,1,2,4,4
"1140030021172",2,4,3,1,1,3,4,3,1,1
"1140030074095",4,4,2,1,2,4,4,1,1,1
"1140031012096",4,4,2,1,1,3,4,2,1,1
"1140031040580",3,4,3,3,2,2,1,2,2,3
"1140031071245",4,2,2,2,2,4,2,2,2,2
"1140031076551",2,2,2,1,2,4,4,2,2,2
"1140032078934",2,1,3,4,4,2,1,1,3,4
"1140033036141",3,2,1,3,4,3,2,1,3,3
"1140034030176",3,4,3,1,1,2,4,4,3,1
"1140034031149",3,1,1,1,2,2,3,4,4,4
"1140034040739",4,3,2,2,2,4,2,2,2,2
"1140035035560",2,2,2,4,2,2,2,2,3,4
"1140036004220",4,1,1,2,4,4,1,1,2,4
"1140037041070",2,3,4,4,4,3,1,1,1,1
"1140038025359",2,3,4,3,1,1,3,4,2,1
"1140039003660",1,1,2,4,3,1,1,2,4,4
"1140044009183",4,2,2,2,2,2,1,2,2,2
"1140056016282",1,1,2,4,3,1,1,2,4,3
"1140056031299",2,1,2,3,4,2,1,1,3,4
"1140058032513",4,4,1,1,1,1,2,3,4,4
"1140059045608",1,1,3,4,4,1,2,3,4,3
"1140062022915",1,2,2,4,3,3,1,2,4,4
"1140067042830",2,3,4,4,3,2,2,1,1,2
"1140067063348",4,2,2,3,2,3,2,2,2,2
"1140068037067",2,4,4,1,2,2,2,2,2,2
"1140068041028",4,4,3,2,1,1,1,2,3,4
"1140068046336",1,1,1,2,2,3,4,4,4,3
"1140069004109",1,1,1,2,3,4,4,4,3,1
"1140069023716",3,1,1,3,4,4,1,1,2,4
"1140069026281",4,4,1,1,2,3,3,2,1,4
"1140070019543",2,1,1,1,1,3,4,4,4,4
"1140071001574",2,1,1,3,3,4,1,1,3,4
"1140071008585",4,2,1,2,4,4,3,1,1,4
"1140072031829",1,1,2,4,4,2,1,1,4,4
"1140072079311",1,1,3,4,2,1,1,4,4,2
"1140074049721",1,1,1,4,4,1,1,2,4,4
"1140075021130",3,2,1,3,4,3,3,1,2,3
"1140075091886",2,3,2,3,3,2,2,2,3,3
"1140095002753",4,2,1,1,2,3,3,3,3,4
"1140097009077",3,3,2,1,3,3,3,2,3,4
"1140098016006",2,3,4,2,1,1,3,4,2,1
"1140098085030",2,2,3,2,1,1,2,4,2,2
"1140099015976",3,4,3,1,1,3,4,2,1,2
"1143001071838",4,1,1,1,4,4,2,1,2,4
"1143002017518",4,4,2,1,1,4,4,2,1,1
"1143003018477",4,2,1,1,4,4,2,1,1,3
"1143005087077",4,1,2,2,4,3,1,1,3,4
"1143005101180",4,4,1,1,2,4,4,2,1,2
"1143006050061",2,2,2,4,3,1,1,2,4,3
"1143008051619",4,2,1,1,4,4,1,1,2,4
"1143027010073",2,4,2,1,2,2,4,2,1,1
"1143027025695",3,4,4,4,4,2,1,1,1,3
"1143027027306",4,3,1,1,4,4,3,1,1,4
"1143027056021",4,2,1,2,3,3,1,1,2,4
"1143027064953",3,1,1,3,4,2,1,2,4,4
"1143029024068",1,2,4,3,1,1,2,4,4,1
"1143029078117",4,2,2,2,2,2,2,2,2,4
"1143030017400",1,2,3,4,2,1,2,4,3,2
"1143031002891",3,4,3,1,1,3,4,3,1,1
"1143031064249",1,1,3,4,3,2,1,2,4,2
"1143032006820",2,1,1,3,4,3,1,1,3,4
"1143032020847",1,1,2,2,4,4,4,4,3,2
"1143032029172",2,2,2,4,3,2,2,2,2,2
"1143032046673",4,2,1,2,4,4,2,1,1,3
"1143035005723",2,4,2,2,4,1,3,2,1,4
"1143036048605",4,4,4,4,2,1,1,1,2,3
"1143037008817",3,2,2,1,3,4,4,2,1,2
"1143037051690",2,1,2,4,2,2,1,2,4,2
"1143038001940",2,3,4,4,4,4,2,1,1,1
"1143038020287",2,2,4,2,2,2,2,4,2,2
"1143038028411",2,1,1,4,4,1,2,1,3,4
"1143039021214",4,2,2,2,4,4,2,1,2,3
"1143040047600",2,4,4,2,1,1,4,4,1,1
"1143047013689",3,2,2,2,2,4,2,2,2,3
"1143059056768",1,2,3,4,4,4,4,2,1,1
"1143062004762",2,4,1,2,3,4,4,1,2,1
"1143064014898",4,4,1,1,2,4,4,1,1,2
"1143066036334",1,2,3,4,4,4,3,1,1,1
"1143067012144",4,3,1,2,2,4,4,2,1,2
"1143067013834",2,4,2,2,1,2,4,2,2,1
"1143068050643",1,3,4,4,1,2,3,3,2,1
"1143068056350",1,3,4,2,1,1,4,4,2,1
"1143069029165",2,1,1,4,4,2,1,1,4,4
"1143071047750",4,4,2,1,1,4,4,2,1,2
"1143072004549",4,1,1,1,4,4,2,1,2,4
"1143072066637",1,1,2,4,3,2,1,2,4,4
"1143072068660",4,2,1,1,4,4,2,1,2,4
"1143072092770",4,2,1,1,4,4,2,1,1,3
"1143093001651",1,1,1,2,2,3,4,4,4,2
"1143093032118",1,3,4,3,1,1,2,4,3,1
"1143093037480",1,1,4,4,1,1,2,4,4,1
"1143094044281",3,4,4,4,3,1,1,1,1,1
"1143094072498",2,1,1,3,4,4,1,1,3,4
"1146024056335",1,1,3,4,3,1,1,2,4,4
"1146025024655",1,1,3,4,3,1,1,3,4,3
"1146025026418",1,4,4,2,1,1,3,4,2,2
"1146025029425",1,2,3,4,4,4,4,1,1,1
"1146025038444",2,1,1,1,1,2,4,4,4,4
"1146028046688",1,3,4,1,1,2,4,4,2,2
"1146029017089",1,1,4,4,2,1,1,4,4,2
"1146030007705",1,4,4,2,1,1,4,4,2,1
"1146030026929",3,1,1,3,3,2,1,2,4,4
"1146031002912",4,4,2,1,1,4,4,2,1,1
"1146035022221",2,4,4,2,1,2,4,4,2,1
"1146038050103",4,2,1,2,4,2,1,2,4,4
"1146042014431",2,2,4,2,1,1,2,4,3,2
"1146043039263",3,4,3,1,1,3,4,3,1,2
"1146043047746",1,2,2,3,4,4,4,4,2,1
"1146045003853",3,3,4,3,3,3,1,1,2,3
"1146046003264",1,2,4,3,3,1,3,4,4,1
"1146046006614",3,4,4,4,2,2,1,1,2,1
"1146046030178",1,1,1,2,3,3,4,4,4,3
"1146060002077",1,2,4,4,2,1,2,4,4,2
"1146060007598",1,1,2,4,4,2,1,1,3,3
"1146060046621",2,3,4,2,1,2,4,4,2,1
"1146061060196",2,2,4,2,2,1,3,4,4,1
"1146062004590",1,1,2,4,4,1,1,2,4,4
"1146063001911",1,2,4,4,1,1,2,4,3,1
"1146064002540",2,3,4,2,1,2,4,4,2,1
"1146065000548",4,4,4,2,1,1,2,2,3,4
"1146067059007",2,1,1,4,4,2,1,1,3,4
"1146069059526",4,2,1,2,4,4,2,1,2,4
"1146069097183",2,3,4,1,1,2,4,4,2,1
"1149024038360",4,2,1,3,4,4,1,1,3,3
"1149024067311",4,3,1,1,2,4,4,2,1,NA
"1149025020661",2,3,3,2,2,3,3,4,2,1
"1149025073719",1,2,3,4,2,1,2,3,4,2
"1149026011514",1,1,2,4,4,4,4,3,1,1
"1149026036262",1,4,4,2,1,2,4,4,2,1
"1149026063569",1,2,4,3,1,1,3,4,3,1
"1149026067627",2,1,2,4,4,2,1,2,3,4
"1149026076628",1,2,2,3,2,2,2,4,4,1
"1149028054794",1,1,4,4,1,1,2,4,4,3
"1149028056890",4,2,2,1,2,4,2,1,2,2
"1149029014066",4,2,1,1,3,4,4,1,1,3
"1149030009366",3,2,1,2,4,4,2,1,1,2
"1149033017044",3,1,1,3,4,3,1,1,3,4
"1149034037160",1,1,3,3,3,2,3,4,4,2
"1149035037253",4,3,1,1,2,4,4,1,1,2
"1149044004177",4,4,4,4,2,1,1,1,1,3
"1149046000696",1,1,2,2,3,4,4,4,4,2
"1149047008284",3,3,1,2,4,3,1,1,1,4
"1149047018839",3,4,3,1,1,3,4,3,1,1
"1149052054483",4,4,4,1,1,1,2,3,3,2
"1149054011743",1,2,3,4,4,4,3,1,1,1
"1149058044589",1,1,1,2,3,3,4,4,4,4
"1149060004454",4,2,1,1,4,4,2,1,2,4
"1149061020728",3,3,3,4,4,4,1,1,1,2
"1149061034517",2,1,1,4,4,3,1,1,2,4
"1149062037854",2,1,2,2,2,2,2,3,4,4
"1149065006614",2,3,4,4,4,3,1,1,1,1
"1149065060363",3,1,1,2,4,3,2,1,2,4
"1149066007437",1,3,4,2,1,4,4,4,1,1
"1149066039564",1,1,3,4,4,1,1,2,3,2
"1149067010104",2,1,1,4,4,2,1,1,3,4
"1149067077100",3,1,1,3,4,4,1,1,3,4
"1152022013215",1,2,4,4,1,1,2,4,4,1
"1152022061867",4,4,3,2,1,1,1,2,3,4
"1152023008779",3,2,2,2,3,4,2,3,2,2
"1152023082027",4,4,2,1,1,4,4,2,1,1
"1152024051333",1,2,3,2,2,1,3,4,2,1
"1152026062042",3,1,2,4,4,2,1,1,4,4
"1152027026544",4,1,1,2,4,4,1,1,1,4
"1152027045794",3,4,3,1,1,3,4,3,1,1
"1152027063026",1,4,2,2,2,2,4,3,2,1
"1152027076047",1,2,4,4,1,1,2,4,3,1
"1152028070646",1,3,4,4,4,4,2,1,1,1
"1152029007651",4,1,1,1,4,4,2,1,1,4
"1152029015349",2,1,2,4,4,1,1,2,4,4
"1152031032207",3,1,1,2,4,3,1,1,3,4
"1152032046173",4,4,3,1,1,1,1,2,4,4
"1152034029674",1,3,4,2,1,1,3,4,2,1
"1152037003042",1,1,2,4,4,2,1,2,4,3
"1152038045458",2,4,4,1,1,2,4,4,1,1
"1152039041651",4,3,2,2,2,1,3,1,2,3
"1152040010502",4,2,1,2,3,4,2,1,2,3
"1152044013834",1,1,3,4,3,1,1,2,4,4
"1152046014027",3,3,4,4,4,2,1,1,2,2
"1152049050370",4,2,2,1,2,4,2,2,1,2
"1152052046501",2,1,1,2,2,2,4,4,4,3
"1152054019309",4,3,1,1,2,4,4,1,1,2
"1152059018403",2,4,3,1,1,3,4,3,1,1
"1152060038041",4,4,4,1,1,1,2,3,4,3
"1152060061195",2,2,4,4,3,2,2,2,2,2
"1152061034090",4,4,4,4,3,1,1,1,1,2
"1152061046018",2,3,3,4,4,4,2,1,1,1
"1152062051327",4,2,1,2,4,4,2,1,1,4
"1152062074560",2,1,2,4,4,3,1,1,3,4
"1155021010229",1,2,2,4,4,4,4,2,1,1
"1155021016572",1,2,3,2,1,1,2,4,4,2
"1155022042256",1,2,3,2,2,2,2,4,3,2
"1155024039538",1,2,4,3,1,1,2,4,4,2
"1155025060992",1,1,1,1,2,3,4,4,4,3
"1155036020480",2,3,2,1,2,2,4,4,4,1
"1155040015311",1,1,1,2,3,4,4,4,4,3
"1155041055395",4,4,1,1,1,2,3,4,4,4
"1155043046504",4,4,4,3,1,1,1,2,3,4
"1155050034652",4,4,4,2,2,1,1,1,2,3
"1155051034587",1,1,2,4,4,1,1,2,3,3
"1155051069908",1,2,4,4,4,4,3,1,1,1
"1155052059847",4,4,3,1,1,1,1,2,3,4
"1155055056021",3,1,1,3,2,3,3,4,4,4
"1157020006489",1,2,4,3,1,1,2,4,4,1
"1157020020930",1,1,1,4,4,1,1,2,4,4
"1157021039423",1,4,4,2,1,2,4,4,1,1
"1157021053425",1,3,4,4,1,1,2,4,2,1
"1157021083531",1,2,4,4,1,1,2,4,4,1
"1157022019001",2,1,1,3,2,2,2,2,4,4
"1157023047467",4,2,1,1,4,4,2,1,1,4
"1157026006849",1,4,4,2,1,1,4,4,2,1
"1157026008939",4,2,2,1,2,4,2,1,1,2
"1157049037284",1,1,1,3,4,4,4,4,3,1
"1157052071265",4,4,2,1,1,4,4,2,1,2
"1157054007778",1,1,2,4,4,4,4,4,1,1
"1160018035812",1,3,4,3,1,1,3,4,3,1
"1160019038282",1,1,3,4,3,1,1,3,4,2
"1160021023249",4,3,1,1,1,1,3,4,4,4
"1160023025454",4,1,1,2,4,4,1,1,2,4
"1160023030556",4,4,2,1,1,3,4,2,1,2
"1160026012435",4,3,1,1,3,4,3,1,1,3
"1160029043621",3,4,4,4,3,1,1,1,3,3
"1160032024352",2,1,1,3,4,2,1,1,2,4
"1160039015893",4,1,1,1,2,3,4,4,4,4
"1160047061787",3,4,2,1,1,4,4,2,1,1
"1160048050647",1,2,4,2,1,1,2,4,4,1
"1163016055821",2,4,4,2,1,1,3,4,3,1
"1163017056927",4,3,1,1,3,4,3,1,1,2
"1163022050436",4,1,1,1,4,4,3,1,3,4
"1163040039197",2,1,1,1,2,3,4,4,4,4
"1166016019720",1,3,4,3,1,1,2,4,3,1
"1166017038670",2,4,4,1,1,2,4,4,1,1
"1166018009630",1,1,3,4,3,1,1,2,4,3
"1166021048484",1,1,1,2,2,3,4,4,4,4
"1166022011787",1,3,3,2,1,2,4,4,1,1
"1166036044192",3,4,4,4,4,1,1,1,2,3
"1166038021735",1,1,2,3,4,4,4,4,1,1
"1169032017372",1,2,4,3,1,1,2,4,3,1
"1169034036851",3,3,4,4,4,2,1,1,2,3
"1169037010886",4,4,1,1,1,2,3,4,4,4
